			
12296500.0	972500.0	1011.5	2018-03-02 04:43:00
12288000.0	972500.0	1011.5	2018-03-02 04:44:00
12298500.0	972500.0	1011.5	2018-03-02 04:45:00
12304500.0	973000.0	1012.0	2018-03-02 04:46:00
12300000.0	972500.0	1012.0	2018-03-02 04:47:00
12290500.0	972500.0	1011.5	2018-03-02 04:48:00
12289500.0	972500.0	1011.0	2018-03-02 04:49:00
12296500.0	972500.0	1011.0	2018-03-02 04:50:00
12302000.0	973000.0	1011.5	2018-03-02 04:51:00
12312000.0	973000.0	1011.5	2018-03-02 04:52:00
12319000.0	973500.0	1012.0	2018-03-02 04:53:00
12321000.0	974000.0	1013.0	2018-03-02 04:54:00
12314500.0	974000.0	1013.5	2018-03-02 04:55:00
12308500.0	974000.0	1013.5	2018-03-02 04:56:00
12314500.0	974000.0	1013.5	2018-03-02 04:57:00
12330000.0	974000.0	1014.0	2018-03-02 04:58:00
12335000.0	974000.0	1015.0	2018-03-02 04:59:00
12334000.0	974000.0	1015.5	2018-03-02 05:00:00
12314000.0	973500.0	1015.0	2018-03-02 05:01:00
12286000.0	973500.0	1014.0	2018-03-02 05:02:00
12281500.0	973500.0	1013.0	2018-03-02 05:03:00
12281000.0	973000.0	1013.0	2018-03-02 05:04:00
12284000.0	973500.0	1013.0	2018-03-02 05:05:00
12286500.0	974000.0	1013.5	2018-03-02 05:06:00
12280000.0	974500.0	1014.0	2018-03-02 05:07:00
12272500.0	974000.0	1014.0	2018-03-02 05:08:00
12265500.0	973000.0	1014.0	2018-03-02 05:09:00
12261000.0	972500.0	1014.5	2018-03-02 05:10:00
12259000.0	972000.0	1014.5	2018-03-02 05:11:00
12256500.0	972500.0	1013.5	2018-03-02 05:12:00
12259500.0	973500.0	1013.5	2018-03-02 05:13:00
12267000.0	973500.0	1013.5	2018-03-02 05:14:00
12278000.0	973000.0	1013.0	2018-03-02 05:15:00
12282500.0	973000.0	1013.5	2018-03-02 05:16:00
12282500.0	972500.0	1015.0	2018-03-02 05:17:00
12281000.0	972500.0	1014.5	2018-03-02 05:18:00
12281500.0	973000.0	1013.0	2018-03-02 05:19:00
12287000.0	973000.0	1013.5	2018-03-02 05:20:00
12290500.0	973000.0	1014.0	2018-03-02 05:21:00
12300500.0	973000.0	1014.0	2018-03-02 05:22:00
12311500.0	973500.0	1014.0	2018-03-02 05:23:00
12323000.0	974500.0	1014.5	2018-03-02 05:24:00
12327500.0	975000.0	1015.0	2018-03-02 05:25:00
12322500.0	975000.0	1015.0	2018-03-02 05:26:00
12326500.0	975500.0	1014.5	2018-03-02 05:27:00
12335500.0	976000.0	1014.5	2018-03-02 05:28:00
12338500.0	976000.0	1015.0	2018-03-02 05:29:00
12342000.0	976000.0	1014.5	2018-03-02 05:30:00
12345000.0	975500.0	1015.0	2018-03-02 05:31:00
12338500.0	975000.0	1016.0	2018-03-02 05:32:00
12330500.0	975000.0	1015.5	2018-03-02 05:33:00
12333000.0	975000.0	1015.0	2018-03-02 05:34:00
12341000.0	975000.0	1015.0	2018-03-02 05:35:00
12347000.0	975500.0	1015.0	2018-03-02 05:36:00
12346000.0	975500.0	1014.5	2018-03-02 05:37:00
12343000.0	975000.0	1014.0	2018-03-02 05:38:00
12341000.0	975000.0	1014.5	2018-03-02 05:39:00
12329000.0	975500.0	1014.0	2018-03-02 05:40:00
12326500.0	975500.0	1013.0	2018-03-02 05:41:00
12334500.0	974500.0	1013.0	2018-03-02 05:42:00
12336500.0	974500.0	1013.0	2018-03-02 05:43:00
12338000.0	974500.0	1013.0	2018-03-02 05:44:00
12338500.0	974500.0	1012.5	2018-03-02 05:45:00
12337500.0	974500.0	1012.5	2018-03-02 05:46:00
12338000.0	974000.0	1012.5	2018-03-02 05:47:00
12339000.0	973500.0	1011.5	2018-03-02 05:48:00
12338000.0	973500.0	1011.0	2018-03-02 05:49:00
12333500.0	973500.0	1011.0	2018-03-02 05:50:00
12326000.0	973500.0	1010.5	2018-03-02 05:51:00
12312500.0	974000.0	1010.5	2018-03-02 05:52:00
12311000.0	974000.0	1011.5	2018-03-02 05:53:00
12315500.0	973000.0	1012.0	2018-03-02 05:54:00
12315000.0	972500.0	1011.0	2018-03-02 05:55:00
12320000.0	973000.0	1010.0	2018-03-02 05:56:00
12315500.0	973000.0	1010.0	2018-03-02 05:57:00
12316500.0	973000.0	1011.0	2018-03-02 05:58:00
12316500.0	973500.0	1012.0	2018-03-02 05:59:00
12321000.0	973500.0	1011.5	2018-03-02 06:00:00
12325500.0	972500.0	1011.5	2018-03-02 06:01:00
12326500.0	971500.0	1011.5	2018-03-02 06:02:00
12332000.0	971000.0	1011.0	2018-03-02 06:03:00
12338000.0	972000.0	1011.5	2018-03-02 06:04:00
12345000.0	973000.0	1013.0	2018-03-02 06:05:00
12358500.0	973500.0	1014.0	2018-03-02 06:06:00
12364000.0	974000.0	1013.0	2018-03-02 06:07:00
12362000.0	973500.0	1012.5	2018-03-02 06:08:00
12365000.0	973500.0	1012.5	2018-03-02 06:09:00
12369000.0	974000.0	1011.5	2018-03-02 06:10:00
12378500.0	973500.0	1011.0	2018-03-02 06:11:00
12380000.0	974000.0	1011.0	2018-03-02 06:12:00
12373000.0	974000.0	1011.0	2018-03-02 06:13:00
12370000.0	973500.0	1011.0	2018-03-02 06:14:00
12363500.0	974500.0	1011.0	2018-03-02 06:15:00
12357000.0	974500.0	1010.5	2018-03-02 06:16:00
12352000.0	974000.0	1010.5	2018-03-02 06:17:00
12351000.0	974000.0	1011.0	2018-03-02 06:18:00
12356000.0	974000.0	1010.0	2018-03-02 06:19:00
12361000.0	974000.0	1009.5	2018-03-02 06:20:00
12365500.0	974000.0	1010.0	2018-03-02 06:21:00
12373000.0	973500.0	1010.0	2018-03-02 06:22:00
12371500.0	973000.0	1010.0	2018-03-02 06:23:00
12368000.0	973000.0	1010.5	2018-03-02 06:24:00
12372500.0	973000.0	1011.5	2018-03-02 06:25:00
12381000.0	973000.0	1013.0	2018-03-02 06:26:00
12393500.0	973000.0	1013.5	2018-03-02 06:27:00
12408500.0	973500.0	1012.5	2018-03-02 06:28:00
12415500.0	974000.0	1012.0	2018-03-02 06:29:00
12415000.0	974500.0	1012.5	2018-03-02 06:30:00
12424500.0	975000.0	1013.0	2018-03-02 06:31:00
12429000.0	975000.0	1013.0	2018-03-02 06:32:00
12428000.0	975000.0	1012.5	2018-03-02 06:33:00
12429500.0	975000.0	1012.5	2018-03-02 06:34:00
12414000.0	974500.0	1012.5	2018-03-02 06:35:00
12398000.0	974500.0	1012.0	2018-03-02 06:36:00
12406000.0	975000.0	1012.5	2018-03-02 06:37:00
12405500.0	974000.0	1012.5	2018-03-02 06:38:00
12390000.0	973500.0	1012.0	2018-03-02 06:39:00
12393500.0	973500.0	1012.0	2018-03-02 06:40:00
12408500.0	973500.0	1011.5	2018-03-02 06:41:00
12402500.0	974500.0	1011.0	2018-03-02 06:42:00
12387000.0	974500.0	1011.5	2018-03-02 06:43:00
12383500.0	974000.0	1011.5	2018-03-02 06:44:00
12383000.0	974000.0	1011.5	2018-03-02 06:45:00
12385000.0	974000.0	1012.0	2018-03-02 06:46:00
12389500.0	973500.0	1012.0	2018-03-02 06:47:00
12390000.0	973000.0	1011.5	2018-03-02 06:48:00
12397000.0	973000.0	1011.0	2018-03-02 06:49:00
12409500.0	973500.0	1011.0	2018-03-02 06:50:00
12415000.0	974000.0	1011.5	2018-03-02 06:51:00
12418000.0	974000.0	1012.0	2018-03-02 06:52:00
12421000.0	974000.0	1011.5	2018-03-02 06:53:00
12414500.0	974000.0	1011.0	2018-03-02 06:54:00
12406000.0	973500.0	1010.5	2018-03-02 06:55:00
12408000.0	973000.0	1010.5	2018-03-02 06:56:00
12408000.0	973000.0	1011.0	2018-03-02 06:57:00
12409500.0	973000.0	1011.5	2018-03-02 06:58:00
12412000.0	973000.0	1012.0	2018-03-02 06:59:00
12408500.0	972500.0	1012.0	2018-03-02 07:00:00
12406500.0	972000.0	1011.5	2018-03-02 07:01:00
12410500.0	973000.0	1011.0	2018-03-02 07:02:00
12411000.0	974000.0	1011.0	2018-03-02 07:03:00
12406500.0	974000.0	1011.0	2018-03-02 07:04:00
12399000.0	973000.0	1011.0	2018-03-02 07:05:00
12391500.0	972500.0	1010.5	2018-03-02 07:06:00
12397500.0	973500.0	1010.5	2018-03-02 07:07:00
12404000.0	973000.0	1010.5	2018-03-02 07:08:00
12402500.0	972500.0	1010.0	2018-03-02 07:09:00
12409000.0	973000.0	1010.5	2018-03-02 07:10:00
12427500.0	973000.0	1011.0	2018-03-02 07:11:00
12442000.0	972500.0	1011.5	2018-03-02 07:12:00
12440500.0	972500.0	1012.0	2018-03-02 07:13:00
12433000.0	973000.0	1012.0	2018-03-02 07:14:00
12431500.0	973000.0	1012.0	2018-03-02 07:15:00
12433000.0	973000.0	1012.0	2018-03-02 07:16:00
12426000.0	973000.0	1011.5	2018-03-02 07:17:00
12424500.0	973000.0	1011.5	2018-03-02 07:18:00
12420500.0	973000.0	1012.0	2018-03-02 07:19:00
12417000.0	973000.0	1013.0	2018-03-02 07:20:00
12427500.0	973000.0	1014.0	2018-03-02 07:21:00
12434000.0	972500.0	1014.0	2018-03-02 07:22:00
12433500.0	972000.0	1013.5	2018-03-02 07:23:00
12430500.0	972000.0	1013.5	2018-03-02 07:24:00
12411500.0	971500.0	1013.5	2018-03-02 07:25:00
12392000.0	971000.0	1013.0	2018-03-02 07:26:00
12384500.0	971000.0	1013.0	2018-03-02 07:27:00
12368500.0	970500.0	1013.0	2018-03-02 07:28:00
12354000.0	970000.0	1012.5	2018-03-02 07:29:00
12362500.0	970000.0	1012.0	2018-03-02 07:30:00
12372500.0	970500.0	1011.5	2018-03-02 07:31:00
12368000.0	970500.0	1011.0	2018-03-02 07:32:00
12358000.0	970000.0	1011.5	2018-03-02 07:33:00
12348500.0	970000.0	1012.0	2018-03-02 07:34:00
12334000.0	970500.0	1012.0	2018-03-02 07:35:00
12329500.0	970000.0	1011.5	2018-03-02 07:36:00
12339000.0	970000.0	1012.0	2018-03-02 07:37:00
12358500.0	970500.0	1012.5	2018-03-02 07:38:00
12365000.0	970000.0	1012.0	2018-03-02 07:39:00
12362000.0	969500.0	1012.5	2018-03-02 07:40:00
12365000.0	970500.0	1012.5	2018-03-02 07:41:00
12367500.0	971000.0	1012.5	2018-03-02 07:42:00
12368500.0	971000.0	1012.0	2018-03-02 07:43:00
12376000.0	971000.0	1011.5	2018-03-02 07:44:00
12382500.0	971500.0	1012.0	2018-03-02 07:45:00
12380500.0	971500.0	1011.5	2018-03-02 07:46:00
12382500.0	971000.0	1011.0	2018-03-02 07:47:00
12385000.0	971500.0	1011.0	2018-03-02 07:48:00
12387000.0	972000.0	1011.0	2018-03-02 07:49:00
12384500.0	971500.0	1010.5	2018-03-02 07:50:00
12381000.0	971500.0	1010.5	2018-03-02 07:51:00
12382500.0	972000.0	1010.5	2018-03-02 07:52:00
12382500.0	971000.0	1010.0	2018-03-02 07:53:00
12383000.0	970500.0	1010.0	2018-03-02 07:54:00
12384500.0	971000.0	1010.5	2018-03-02 07:55:00
12385000.0	971000.0	1010.0	2018-03-02 07:56:00
12387000.0	971500.0	1009.0	2018-03-02 07:57:00
12387500.0	972000.0	1009.5	2018-03-02 07:58:00
12384500.0	972000.0	1009.5	2018-03-02 07:59:00
12383000.0	972000.0	1009.0	2018-03-02 08:00:00
12383000.0	972000.0	1009.0	2018-03-02 08:01:00
12377000.0	972000.0	1009.5	2018-03-02 08:02:00
12374000.0	972000.0	1009.5	2018-03-02 08:03:00
12372000.0	971500.0	1008.5	2018-03-02 08:04:00
12363500.0	971500.0	1008.5	2018-03-02 08:05:00
12358500.0	971500.0	1008.5	2018-03-02 08:06:00
12354000.0	971000.0	1007.0	2018-03-02 08:07:00
12352500.0	970500.0	1006.0	2018-03-02 08:08:00
12362000.0	970000.0	1006.0	2018-03-02 08:09:00
12366500.0	970000.0	1006.5	2018-03-02 08:10:00
12361500.0	970500.0	1007.0	2018-03-02 08:11:00
12362000.0	971000.0	1007.0	2018-03-02 08:12:00
12379000.0	970500.0	1007.5	2018-03-02 08:13:00
12394500.0	971000.0	1008.5	2018-03-02 08:14:00
12393500.0	972000.0	1009.5	2018-03-02 08:15:00
12395000.0	972000.0	1009.5	2018-03-02 08:16:00
12395000.0	972000.0	1009.5	2018-03-02 08:17:00
12396000.0	972000.0	1009.5	2018-03-02 08:18:00
12402000.0	972000.0	1009.5	2018-03-02 08:19:00
12405000.0	972000.0	1009.5	2018-03-02 08:20:00
12408500.0	972000.0	1009.0	2018-03-02 08:21:00
12413000.0	972000.0	1009.0	2018-03-02 08:22:00
12417000.0	972000.0	1009.5	2018-03-02 08:23:00
12417000.0	972000.0	1010.0	2018-03-02 08:24:00
12413500.0	971500.0	1010.0	2018-03-02 08:25:00
12413500.0	971000.0	1010.0	2018-03-02 08:26:00
12416000.0	971000.0	1010.0	2018-03-02 08:27:00
12418500.0	971000.0	1011.0	2018-03-02 08:28:00
12420000.0	971000.0	1011.0	2018-03-02 08:29:00
12406500.0	971000.0	1010.0	2018-03-02 08:30:00
12389000.0	970500.0	1010.0	2018-03-02 08:31:00
12385500.0	971000.0	1010.0	2018-03-02 08:32:00
12384000.0	972000.0	1010.0	2018-03-02 08:33:00
12381000.0	972000.0	1010.0	2018-03-02 08:34:00
12387500.0	971500.0	1009.5	2018-03-02 08:35:00
12388000.0	971000.0	1009.0	2018-03-02 08:36:00
12380000.0	971000.0	1009.5	2018-03-02 08:37:00
12383000.0	971000.0	1010.0	2018-03-02 08:38:00
12392000.0	971500.0	1010.5	2018-03-02 08:39:00
12397500.0	972000.0	1010.5	2018-03-02 08:40:00
12401500.0	971500.0	1010.5	2018-03-02 08:41:00
12402500.0	971000.0	1010.5	2018-03-02 08:42:00
12400500.0	971000.0	1010.5	2018-03-02 08:43:00
12402000.0	971000.0	1011.0	2018-03-02 08:44:00
12397500.0	971000.0	1011.0	2018-03-02 08:45:00
12393000.0	971500.0	1011.5	2018-03-02 08:46:00
12394000.0	972000.0	1011.5	2018-03-02 08:47:00
12391500.0	972000.0	1011.5	2018-03-02 08:48:00
12389000.0	972000.0	1012.0	2018-03-02 08:49:00
12396000.0	972000.0	1012.0	2018-03-02 08:50:00
12402500.0	972500.0	1012.0	2018-03-02 08:51:00
12403000.0	973000.0	1012.5	2018-03-02 08:52:00
12400000.0	973000.0	1012.5	2018-03-02 08:53:00
12398000.0	972500.0	1012.0	2018-03-02 08:54:00
12397500.0	972500.0	1012.0	2018-03-02 08:55:00
12401000.0	973000.0	1012.0	2018-03-02 08:56:00
12403000.0	972500.0	1012.0	2018-03-02 08:57:00
12395000.0	972500.0	1012.0	2018-03-02 08:58:00
12394500.0	973000.0	1013.0	2018-03-02 08:59:00
12396500.0	972500.0	1014.0	2018-03-02 09:00:00
12396500.0	972500.0	1013.5	2018-03-02 09:01:00
12395000.0	973000.0	1012.5	2018-03-02 09:02:00
12390500.0	972500.0	1011.5	2018-03-02 09:03:00
12393000.0	972500.0	1011.5	2018-03-02 09:04:00
12393500.0	973000.0	1012.0	2018-03-02 09:05:00
12388500.0	973500.0	1012.0	2018-03-02 09:06:00
12389500.0	974000.0	1012.0	2018-03-02 09:07:00
12392000.0	973500.0	1012.5	2018-03-02 09:08:00
12389500.0	972500.0	1012.5	2018-03-02 09:09:00
12393500.0	972000.0	1012.0	2018-03-02 09:10:00
12395500.0	972000.0	1012.5	2018-03-02 09:11:00
12393000.0	972000.0	1013.0	2018-03-02 09:12:00
12374000.0	971500.0	1012.0	2018-03-02 09:13:00
12353000.0	971500.0	1010.5	2018-03-02 09:14:00
12355000.0	971000.0	1010.0	2018-03-02 09:15:00
12352000.0	971000.0	1009.5	2018-03-02 09:16:00
12347000.0	971500.0	1009.0	2018-03-02 09:17:00
12353500.0	970500.0	1009.5	2018-03-02 09:18:00
12355500.0	970000.0	1009.5	2018-03-02 09:19:00
12346000.0	971000.0	1008.5	2018-03-02 09:20:00
12336000.0	971500.0	1008.5	2018-03-02 09:21:00
12338500.0	971000.0	1008.5	2018-03-02 09:22:00
12340000.0	970500.0	1007.5	2018-03-02 09:23:00
12341000.0	970000.0	1007.5	2018-03-02 09:24:00
12329000.0	970500.0	1008.0	2018-03-02 09:25:00
12309000.0	970500.0	1007.5	2018-03-02 09:26:00
12302500.0	970000.0	1006.5	2018-03-02 09:27:00
12303500.0	970500.0	1006.5	2018-03-02 09:28:00
12297000.0	970500.0	1006.5	2018-03-02 09:29:00
12297000.0	970000.0	1007.0	2018-03-02 09:30:00
12311000.0	970000.0	1008.0	2018-03-02 09:31:00
12307000.0	970500.0	1007.5	2018-03-02 09:32:00
12301000.0	970000.0	1007.0	2018-03-02 09:33:00
12306500.0	970000.0	1007.5	2018-03-02 09:34:00
12306500.0	971000.0	1007.5	2018-03-02 09:35:00
12294000.0	970500.0	1007.0	2018-03-02 09:36:00
12279000.0	970000.0	1006.5	2018-03-02 09:37:00
12273500.0	970000.0	1005.0	2018-03-02 09:38:00
12279000.0	969500.0	1004.5	2018-03-02 09:39:00
12277500.0	969500.0	1005.0	2018-03-02 09:40:00
12251000.0	968500.0	1004.5	2018-03-02 09:41:00
12237500.0	968500.0	1004.5	2018-03-02 09:42:00
12255000.0	969000.0	1005.0	2018-03-02 09:43:00
12255000.0	969000.0	1004.5	2018-03-02 09:44:00
12242000.0	969000.0	1003.5	2018-03-02 09:45:00
12236000.0	969000.0	1003.5	2018-03-02 09:46:00
12238500.0	968500.0	1004.0	2018-03-02 09:47:00
12243000.0	968000.0	1003.5	2018-03-02 09:48:00
12253500.0	968500.0	1003.0	2018-03-02 09:49:00
12268500.0	969000.0	1003.5	2018-03-02 09:50:00
12260500.0	969000.0	1004.5	2018-03-02 09:51:00
12250000.0	969000.0	1004.5	2018-03-02 09:52:00
12245500.0	969000.0	1003.5	2018-03-02 09:53:00
12232500.0	968000.0	1003.0	2018-03-02 09:54:00
12231500.0	967500.0	1003.5	2018-03-02 09:55:00
12237500.0	968000.0	1003.5	2018-03-02 09:56:00
12233000.0	967500.0	1003.0	2018-03-02 09:57:00
12223500.0	967500.0	1003.0	2018-03-02 09:58:00
12217000.0	967500.0	1003.5	2018-03-02 09:59:00
12219500.0	967000.0	1003.5	2018-03-02 10:00:00
12226000.0	967500.0	1003.0	2018-03-02 10:01:00
12237500.0	968000.0	1003.0	2018-03-02 10:02:00
12256500.0	968000.0	1003.0	2018-03-02 10:03:00
12268500.0	967500.0	1003.5	2018-03-02 10:04:00
12273000.0	968000.0	1004.0	2018-03-02 10:05:00
12274500.0	969000.0	1004.5	2018-03-02 10:06:00
12268500.0	969000.0	1004.5	2018-03-02 10:07:00
12260500.0	968500.0	1004.0	2018-03-02 10:08:00
12262000.0	968000.0	1004.0	2018-03-02 10:09:00
12265500.0	968000.0	1004.0	2018-03-02 10:10:00
12258000.0	968000.0	1004.0	2018-03-02 10:11:00
12251500.0	967500.0	1004.0	2018-03-02 10:12:00
12247500.0	966500.0	1003.5	2018-03-02 10:13:00
12247500.0	966500.0	1003.5	2018-03-02 10:14:00
12251500.0	967500.0	1004.0	2018-03-02 10:15:00
12251500.0	967000.0	1003.5	2018-03-02 10:16:00
12253500.0	967000.0	1004.0	2018-03-02 10:17:00
12256000.0	968000.0	1005.5	2018-03-02 10:18:00
12253000.0	967500.0	1005.5	2018-03-02 10:19:00
12250000.0	967500.0	1005.5	2018-03-02 10:20:00
12242000.0	967500.0	1005.5	2018-03-02 10:21:00
12244000.0	967500.0	1005.5	2018-03-02 10:22:00
12245000.0	968000.0	1005.0	2018-03-02 10:23:00
12234500.0	967500.0	1003.5	2018-03-02 10:24:00
12230000.0	967000.0	1003.0	2018-03-02 10:25:00
12231500.0	966500.0	1003.5	2018-03-02 10:26:00
12233500.0	966000.0	1004.0	2018-03-02 10:27:00
12233000.0	966000.0	1004.0	2018-03-02 10:28:00
12228000.0	966500.0	1003.5	2018-03-02 10:29:00
12211500.0	966500.0	1003.0	2018-03-02 10:30:00
12189000.0	966000.0	1002.5	2018-03-02 10:31:00
12166000.0	965500.0	1001.5	2018-03-02 10:32:00
12165500.0	965000.0	1001.0	2018-03-02 10:33:00
12173000.0	965000.0	1001.0	2018-03-02 10:34:00
12171000.0	965000.0	1000.5	2018-03-02 10:35:00
12180000.0	965000.0	1000.5	2018-03-02 10:36:00
12188000.0	965000.0	1000.5	2018-03-02 10:37:00
12174000.0	965000.0	999.0	2018-03-02 10:38:00
12152500.0	964500.0	997.5	2018-03-02 10:39:00
12138500.0	964000.0	997.0	2018-03-02 10:40:00
12154000.0	964000.0	997.5	2018-03-02 10:41:00
12162500.0	964000.0	998.0	2018-03-02 10:42:00
12153000.0	964000.0	998.5	2018-03-02 10:43:00
12154500.0	964000.0	1000.0	2018-03-02 10:44:00
12169500.0	964500.0	1001.0	2018-03-02 10:45:00
12188000.0	965000.0	1001.0	2018-03-02 10:46:00
12194500.0	965000.0	1000.5	2018-03-02 10:47:00
12202500.0	965500.0	1000.5	2018-03-02 10:48:00
12215000.0	966000.0	1001.0	2018-03-02 10:49:00
12231000.0	965000.0	1001.0	2018-03-02 10:50:00
12245500.0	965500.0	1002.5	2018-03-02 10:51:00
12249000.0	967000.0	1004.0	2018-03-02 10:52:00
12240500.0	966500.0	1003.5	2018-03-02 10:53:00
12240500.0	966500.0	1002.5	2018-03-02 10:54:00
12249500.0	967000.0	1002.5	2018-03-02 10:55:00
12256000.0	967000.0	1003.5	2018-03-02 10:56:00
12254500.0	966500.0	1003.5	2018-03-02 10:57:00
12247500.0	966500.0	1003.0	2018-03-02 10:58:00
12246000.0	966000.0	1003.5	2018-03-02 10:59:00
12242000.0	965000.0	1002.5	2018-03-02 11:00:00
12230500.0	965000.0	1000.5	2018-03-02 11:01:00
12221500.0	965500.0	999.0	2018-03-02 11:02:00
12209500.0	966000.0	999.5	2018-03-02 11:03:00
12203500.0	965500.0	1000.0	2018-03-02 11:04:00
12205500.0	965000.0	1000.0	2018-03-02 11:05:00
12211500.0	965500.0	999.5	2018-03-02 11:06:00
12202500.0	965000.0	999.0	2018-03-02 11:07:00
12200000.0	964000.0	999.0	2018-03-02 11:08:00
12209000.0	965000.0	999.5	2018-03-02 11:09:00
12211000.0	965500.0	999.5	2018-03-02 11:10:00
12214500.0	965000.0	999.0	2018-03-02 11:11:00
12218000.0	965000.0	998.5	2018-03-02 11:12:00
12225000.0	965000.0	999.0	2018-03-02 11:13:00
12235000.0	965500.0	999.5	2018-03-02 11:14:00
12236500.0	966000.0	999.5	2018-03-02 11:15:00
12221500.0	965500.0	1000.0	2018-03-02 11:16:00
12204500.0	965500.0	1000.0	2018-03-02 11:17:00
12204500.0	965500.0	999.5	2018-03-02 11:18:00
12202000.0	965000.0	1000.5	2018-03-02 11:19:00
12194500.0	965000.0	1000.5	2018-03-02 11:20:00
12190000.0	965000.0	999.5	2018-03-02 11:21:00
12186000.0	964500.0	999.0	2018-03-02 11:22:00
12184000.0	964500.0	999.0	2018-03-02 11:23:00
12191500.0	965500.0	999.5	2018-03-02 11:24:00
12199000.0	965500.0	999.5	2018-03-02 11:25:00
12198500.0	964500.0	999.0	2018-03-02 11:26:00
12200000.0	965000.0	999.5	2018-03-02 11:27:00
12201500.0	966000.0	999.5	2018-03-02 11:28:00
12211000.0	966000.0	1000.0	2018-03-02 11:29:00
12222000.0	966500.0	1001.0	2018-03-02 11:30:00
12216500.0	967500.0	1000.5	2018-03-02 11:31:00
12212500.0	967000.0	1000.0	2018-03-02 11:32:00
12211500.0	966000.0	1000.5	2018-03-02 11:33:00
12210000.0	965500.0	1001.0	2018-03-02 11:34:00
12223500.0	965000.0	1001.5	2018-03-02 11:35:00
12249000.0	966000.0	1003.0	2018-03-02 11:36:00
12256000.0	967000.0	1004.0	2018-03-02 11:37:00
12255500.0	967000.0	1005.0	2018-03-02 11:38:00
12257500.0	967000.0	1006.5	2018-03-02 11:39:00
12258500.0	967000.0	1007.0	2018-03-02 11:40:00
12256000.0	966500.0	1006.5	2018-03-02 11:41:00
12254500.0	966000.0	1006.5	2018-03-02 11:42:00
12253000.0	966000.0	1007.0	2018-03-02 11:43:00
12257500.0	966500.0	1007.0	2018-03-02 11:44:00
12273000.0	967500.0	1008.0	2018-03-02 11:45:00
12280500.0	968000.0	1009.0	2018-03-02 11:46:00
12279500.0	968000.0	1008.5	2018-03-02 11:47:00
12284500.0	967500.0	1008.0	2018-03-02 11:48:00
12289000.0	967500.0	1009.0	2018-03-02 11:49:00
12293500.0	967500.0	1009.5	2018-03-02 11:50:00
12300000.0	967500.0	1009.0	2018-03-02 11:51:00
12285000.0	968000.0	1009.0	2018-03-02 11:52:00
12272500.0	967500.0	1009.0	2018-03-02 11:53:00
12278500.0	966500.0	1009.5	2018-03-02 11:54:00
12277500.0	967000.0	1010.5	2018-03-02 11:55:00
12267000.0	968000.0	1010.5	2018-03-02 11:56:00
12260000.0	967500.0	1010.5	2018-03-02 11:57:00
12259000.0	967000.0	1010.5	2018-03-02 11:58:00
12263000.0	967000.0	1010.0	2018-03-02 11:59:00
12274000.0	966500.0	1010.0	2018-03-02 12:00:00
12291000.0	966500.0	1010.5	2018-03-02 12:01:00
12303000.0	967000.0	1011.0	2018-03-02 12:02:00
12306000.0	967000.0	1010.5	2018-03-02 12:03:00
12313500.0	968000.0	1010.0	2018-03-02 12:04:00
12312500.0	969000.0	1010.0	2018-03-02 12:05:00
12307500.0	968000.0	1010.0	2018-03-02 12:06:00
12308500.0	967500.0	1010.0	2018-03-02 12:07:00
12306500.0	967500.0	1009.0	2018-03-02 12:08:00
12308500.0	967500.0	1008.5	2018-03-02 12:09:00
12310000.0	967000.0	1009.5	2018-03-02 12:10:00
12304000.0	967500.0	1009.5	2018-03-02 12:11:00
12301500.0	967500.0	1009.0	2018-03-02 12:12:00
12304000.0	967000.0	1009.5	2018-03-02 12:13:00
12302500.0	968000.0	1009.5	2018-03-02 12:14:00
12296000.0	968500.0	1009.0	2018-03-02 12:15:00
12298000.0	968500.0	1009.5	2018-03-02 12:16:00
12299000.0	968500.0	1009.5	2018-03-02 12:17:00
12296000.0	968000.0	1009.0	2018-03-02 12:18:00
12298000.0	967500.0	1008.5	2018-03-02 12:19:00
12289000.0	967500.0	1008.0	2018-03-02 12:20:00
12273000.0	967000.0	1008.0	2018-03-02 12:21:00
12268000.0	967000.0	1007.5	2018-03-02 12:22:00
12279000.0	967000.0	1007.5	2018-03-02 12:23:00
12285500.0	967000.0	1007.5	2018-03-02 12:24:00
12285500.0	967000.0	1007.5	2018-03-02 12:25:00
12295000.0	968000.0	1008.5	2018-03-02 12:26:00
12305000.0	968500.0	1009.0	2018-03-02 12:27:00
12308500.0	969000.0	1009.0	2018-03-02 12:28:00
12323500.0	968500.0	1009.5	2018-03-02 12:29:00
12323500.0	969000.0	1010.5	2018-03-02 12:30:00
12320500.0	970000.0	1011.5	2018-03-02 12:31:00
12320500.0	969500.0	1012.0	2018-03-02 12:32:00
12315500.0	968500.0	1011.0	2018-03-02 12:33:00
12316000.0	968500.0	1010.0	2018-03-02 12:34:00
12322500.0	968000.0	1010.5	2018-03-02 12:35:00
12319500.0	967000.0	1010.0	2018-03-02 12:36:00
12318500.0	967000.0	1009.5	2018-03-02 12:37:00
12326000.0	967000.0	1010.5	2018-03-02 12:38:00
12336000.0	968000.0	1010.0	2018-03-02 12:39:00
12340000.0	969000.0	1009.5	2018-03-02 12:40:00
12340000.0	969000.0	1010.0	2018-03-02 12:41:00
12340000.0	968000.0	1010.0	2018-03-02 12:42:00
12330500.0	967000.0	1009.5	2018-03-02 12:43:00
12322000.0	967000.0	1008.5	2018-03-02 12:44:00
12324500.0	967000.0	1008.5	2018-03-02 12:45:00
12332000.0	968000.0	1008.5	2018-03-02 12:46:00
12336500.0	968500.0	1008.5	2018-03-02 12:47:00
12339000.0	967500.0	1009.5	2018-03-02 12:48:00
12333000.0	967000.0	1009.0	2018-03-02 12:49:00
12329000.0	967500.0	1008.5	2018-03-02 12:50:00
12339000.0	968500.0	1009.0	2018-03-02 12:51:00
12340500.0	968500.0	1009.0	2018-03-02 12:52:00
12335000.0	968500.0	1009.0	2018-03-02 12:53:00
12338000.0	968500.0	1009.5	2018-03-02 12:54:00
12339500.0	969000.0	1009.5	2018-03-02 12:55:00
12340000.0	969000.0	1009.0	2018-03-02 12:56:00
12345500.0	968500.0	1009.0	2018-03-02 12:57:00
12348000.0	968500.0	1009.0	2018-03-02 12:58:00
12357500.0	969000.0	1009.5	2018-03-02 12:59:00
12373000.0	969000.0	1011.5	2018-03-02 13:00:00
12379000.0	969500.0	1013.0	2018-03-02 13:01:00
12372500.0	970500.0	1013.0	2018-03-02 13:02:00
12366500.0	971000.0	1012.5	2018-03-02 13:03:00
12372000.0	971000.0	1011.5	2018-03-02 13:04:00
12365500.0	970500.0	1011.5	2018-03-02 13:05:00
12353000.0	970000.0	1011.5	2018-03-02 13:06:00
12354500.0	970000.0	1011.0	2018-03-02 13:07:00
12356500.0	970000.0	1010.5	2018-03-02 13:08:00
12357000.0	970000.0	1010.0	2018-03-02 13:09:00
12353000.0	969500.0	1010.5	2018-03-02 13:10:00
12346000.0	969000.0	1010.5	2018-03-02 13:11:00
12342500.0	968500.0	1010.0	2018-03-02 13:12:00
12339000.0	968000.0	1009.5	2018-03-02 13:13:00
12332000.0	968000.0	1009.0	2018-03-02 13:14:00
12330500.0	968500.0	1009.0	2018-03-02 13:15:00
12336500.0	968500.0	1008.5	2018-03-02 13:16:00
12339000.0	968500.0	1008.5	2018-03-02 13:17:00
12338000.0	969000.0	1010.0	2018-03-02 13:18:00
12333000.0	969000.0	1010.5	2018-03-02 13:19:00
12328000.0	969000.0	1009.5	2018-03-02 13:20:00
12323500.0	969000.0	1009.5	2018-03-02 13:21:00
12309000.0	969000.0	1009.0	2018-03-02 13:22:00
12289000.0	968500.0	1007.5	2018-03-02 13:23:00
12279500.0	968500.0	1007.0	2018-03-02 13:24:00
12286000.0	969000.0	1007.0	2018-03-02 13:25:00
12294000.0	968500.0	1007.0	2018-03-02 13:26:00
12298000.0	968500.0	1007.0	2018-03-02 13:27:00
12299500.0	969000.0	1007.5	2018-03-02 13:28:00
12303000.0	969000.0	1008.0	2018-03-02 13:29:00
12306500.0	970000.0	1008.0	2018-03-02 13:30:00
12304500.0	969500.0	1007.5	2018-03-02 13:31:00
12304000.0	969500.0	1007.0	2018-03-02 13:32:00
12291500.0	969000.0	1007.5	2018-03-02 13:33:00
12277000.0	968000.0	1007.5	2018-03-02 13:34:00
12275000.0	968500.0	1006.5	2018-03-02 13:35:00
12281000.0	969000.0	1006.5	2018-03-02 13:36:00
12281000.0	968500.0	1006.5	2018-03-02 13:37:00
12284500.0	968000.0	1006.0	2018-03-02 13:38:00
12289000.0	968000.0	1006.0	2018-03-02 13:39:00
12289500.0	968000.0	1006.0	2018-03-02 13:40:00
12291500.0	968000.0	1006.0	2018-03-02 13:41:00
12291000.0	968000.0	1006.0	2018-03-02 13:42:00
12283500.0	968000.0	1005.5	2018-03-02 13:43:00
12274000.0	967500.0	1005.5	2018-03-02 13:44:00
12275000.0	967000.0	1006.0	2018-03-02 13:45:00
12281000.0	967500.0	1006.0	2018-03-02 13:46:00
12281500.0	967500.0	1006.0	2018-03-02 13:47:00
12282000.0	967500.0	1005.5	2018-03-02 13:48:00
12286000.0	968000.0	1005.5	2018-03-02 13:49:00
12288500.0	968000.0	1006.0	2018-03-02 13:50:00
12290000.0	968000.0	1005.5	2018-03-02 13:51:00
12292000.0	968000.0	1005.5	2018-03-02 13:52:00
12300500.0	967500.0	1006.0	2018-03-02 13:53:00
12318500.0	967000.0	1006.5	2018-03-02 13:54:00
12320500.0	967500.0	1007.0	2018-03-02 13:55:00
12315500.0	968000.0	1007.5	2018-03-02 13:56:00
12318500.0	968000.0	1008.0	2018-03-02 13:57:00
12315000.0	967500.0	1008.0	2018-03-02 13:58:00
12313500.0	967000.0	1008.0	2018-03-02 13:59:00
12317500.0	967500.0	1007.5	2018-03-02 14:00:00
12318500.0	967500.0	1007.0	2018-03-02 14:01:00
12314500.0	967000.0	1007.0	2018-03-02 14:02:00
12313000.0	967500.0	1006.5	2018-03-02 14:03:00
12308000.0	967500.0	1006.5	2018-03-02 14:04:00
12293500.0	966500.0	1006.5	2018-03-02 14:05:00
12279000.0	966500.0	1006.0	2018-03-02 14:06:00
12274500.0	966500.0	1006.5	2018-03-02 14:07:00
12258000.0	966000.0	1005.5	2018-03-02 14:08:00
12251000.0	965500.0	1003.5	2018-03-02 14:09:00
12262500.0	965500.0	1003.0	2018-03-02 14:10:00
12260500.0	965500.0	1002.5	2018-03-02 14:11:00
12263500.0	966000.0	1002.5	2018-03-02 14:12:00
12267000.0	965500.0	1003.5	2018-03-02 14:13:00
12259500.0	965500.0	1004.0	2018-03-02 14:14:00
12249000.0	965500.0	1004.0	2018-03-02 14:15:00
12244000.0	965500.0	1003.5	2018-03-02 14:16:00
12244500.0	965500.0	1002.5	2018-03-02 14:17:00
12248500.0	965000.0	1002.5	2018-03-02 14:18:00
12244000.0	965000.0	1003.5	2018-03-02 14:19:00
12225500.0	965000.0	1004.0	2018-03-02 14:20:00
12205000.0	964500.0	1002.0	2018-03-02 14:21:00
12192500.0	964000.0	1000.0	2018-03-02 14:22:00
12195000.0	963500.0	1001.0	2018-03-02 14:23:00
12198000.0	963000.0	1001.5	2018-03-02 14:24:00
12199000.0	963000.0	1000.5	2018-03-02 14:25:00
12202000.0	963000.0	1000.0	2018-03-02 14:26:00
12204500.0	963500.0	1000.0	2018-03-02 14:27:00
12203500.0	963500.0	1000.0	2018-03-02 14:28:00
12189000.0	962500.0	999.5	2018-03-02 14:29:00
12183500.0	962000.0	999.5	2018-03-02 14:30:00
12184500.0	962500.0	999.5	2018-03-02 14:31:00
12192500.0	962500.0	999.5	2018-03-02 14:32:00
12208500.0	962500.0	1000.0	2018-03-02 14:33:00
12217000.0	963000.0	1000.0	2018-03-02 14:34:00
12222000.0	963000.0	1001.0	2018-03-02 14:35:00
12225500.0	963500.0	1001.5	2018-03-02 14:36:00
12218000.0	964000.0	1001.0	2018-03-02 14:37:00
12209500.0	963500.0	1001.0	2018-03-02 14:38:00
12211500.0	963000.0	1002.0	2018-03-02 14:39:00
12222500.0	963000.0	1002.0	2018-03-02 14:40:00
12235000.0	963000.0	1002.0	2018-03-02 14:41:00
12227500.0	963500.0	1002.5	2018-03-02 14:42:00
12222000.0	963500.0	1002.0	2018-03-02 14:43:00
12228000.0	963500.0	1001.5	2018-03-02 14:44:00
12229500.0	963500.0	1001.5	2018-03-02 14:45:00
12231500.0	963500.0	1002.0	2018-03-02 14:46:00
12236500.0	963500.0	1002.0	2018-03-02 14:47:00
12245000.0	964000.0	1002.5	2018-03-02 14:48:00
12248500.0	965000.0	1003.5	2018-03-02 14:49:00
12243500.0	964500.0	1003.5	2018-03-02 14:50:00
12239000.0	964000.0	1003.5	2018-03-02 14:51:00
12224000.0	964500.0	1003.5	2018-03-02 14:52:00
12219500.0	964500.0	1003.5	2018-03-02 14:53:00
12213000.0	964000.0	1003.0	2018-03-02 14:54:00
12204500.0	964500.0	1002.0	2018-03-02 14:55:00
12204500.0	964500.0	1001.5	2018-03-02 14:56:00
12205000.0	964500.0	1001.5	2018-03-02 14:57:00
12195000.0	964500.0	1001.5	2018-03-02 14:58:00
12194500.0	964000.0	1001.5	2018-03-02 14:59:00
12210000.0	964000.0	1001.5	2018-03-02 15:00:00
12226500.0	964000.0	1002.0	2018-03-02 15:01:00
12226500.0	963500.0	1003.0	2018-03-02 15:02:00
12225000.0	963000.0	1002.0	2018-03-02 15:03:00
12236500.0	963500.0	1002.5	2018-03-02 15:04:00
12251500.0	964000.0	1003.5	2018-03-02 15:05:00
12246500.0	964500.0	1003.0	2018-03-02 15:06:00
12245500.0	964500.0	1003.0	2018-03-02 15:07:00
12244000.0	964000.0	1003.5	2018-03-02 15:08:00
12240500.0	964000.0	1003.5	2018-03-02 15:09:00
12244000.0	964000.0	1004.0	2018-03-02 15:10:00
12244000.0	963500.0	1004.5	2018-03-02 15:11:00
12244500.0	963500.0	1004.5	2018-03-02 15:12:00
12248500.0	964000.0	1004.5	2018-03-02 15:13:00
12256500.0	964500.0	1004.0	2018-03-02 15:14:00
12260500.0	964500.0	1004.5	2018-03-02 15:15:00
12257500.0	964500.0	1004.0	2018-03-02 15:16:00
12253500.0	965000.0	1003.5	2018-03-02 15:17:00
12248000.0	965000.0	1004.0	2018-03-02 15:18:00
12242500.0	964500.0	1004.0	2018-03-02 15:19:00
12242000.0	964000.0	1004.5	2018-03-02 15:20:00
12246000.0	964500.0	1004.5	2018-03-02 15:21:00
12245500.0	965000.0	1004.0	2018-03-02 15:22:00
12240500.0	965000.0	1004.0	2018-03-02 15:23:00
12239000.0	965000.0	1005.0	2018-03-02 15:24:00
12237500.0	964500.0	1006.0	2018-03-02 15:25:00
12232500.0	964000.0	1005.5	2018-03-02 15:26:00
12233000.0	964500.0	1005.0	2018-03-02 15:27:00
12237500.0	965000.0	1005.0	2018-03-02 15:28:00
12248500.0	965500.0	1005.5	2018-03-02 15:29:00
12257000.0	966000.0	1006.0	2018-03-02 15:30:00
12254500.0	965500.0	1006.0	2018-03-02 15:31:00
12253500.0	965500.0	1006.0	2018-03-02 15:32:00
12250500.0	965500.0	1005.5	2018-03-02 15:33:00
12245500.0	965000.0	1004.5	2018-03-02 15:34:00
12246000.0	965000.0	1004.0	2018-03-02 15:35:00
12246000.0	965500.0	1004.5	2018-03-02 15:36:00
12243500.0	965500.0	1005.0	2018-03-02 15:37:00
12246500.0	965500.0	1005.5	2018-03-02 15:38:00
12252500.0	965500.0	1006.0	2018-03-02 15:39:00
12250000.0	965000.0	1006.0	2018-03-02 15:40:00
12241000.0	966000.0	1005.5	2018-03-02 15:41:00
12239500.0	966000.0	1005.0	2018-03-02 15:42:00
12240000.0	965000.0	1005.5	2018-03-02 15:43:00
12239000.0	965000.0	1005.0	2018-03-02 15:44:00
12235000.0	964500.0	1004.5	2018-03-02 15:45:00
12225000.0	964000.0	1005.0	2018-03-02 15:46:00
12223000.0	964000.0	1005.0	2018-03-02 15:47:00
12222000.0	964000.0	1004.0	2018-03-02 15:48:00
12218000.0	964500.0	1003.5	2018-03-02 15:49:00
12213000.0	964000.0	1003.5	2018-03-02 15:50:00
12209000.0	964000.0	1004.0	2018-03-02 15:51:00
12210500.0	964500.0	1005.0	2018-03-02 15:52:00
12212500.0	964000.0	1004.0	2018-03-02 15:53:00
12216000.0	964000.0	1003.0	2018-03-02 15:54:00
12216000.0	963500.0	1003.5	2018-03-02 15:55:00
12216500.0	963500.0	1003.5	2018-03-02 15:56:00
12216500.0	963500.0	1003.5	2018-03-02 15:57:00
12212500.0	963000.0	1004.0	2018-03-02 15:58:00
12218000.0	963500.0	1004.0	2018-03-02 15:59:00
12217500.0	963500.0	1003.5	2018-03-02 16:00:00
12217000.0	963000.0	1003.0	2018-03-02 16:01:00
12225500.0	963500.0	1003.5	2018-03-02 16:02:00
12228500.0	964000.0	1003.5	2018-03-02 16:03:00
12226000.0	964500.0	1003.5	2018-03-02 16:04:00
12226500.0	965000.0	1004.0	2018-03-02 16:05:00
12229000.0	964500.0	1004.5	2018-03-02 16:06:00
12226000.0	963500.0	1005.0	2018-03-02 16:07:00
12231500.0	963000.0	1005.5	2018-03-02 16:08:00
12232500.0	964000.0	1005.0	2018-03-02 16:09:00
12224000.0	965000.0	1004.5	2018-03-02 16:10:00
12222500.0	965500.0	1004.5	2018-03-02 16:11:00
12223500.0	966000.0	1004.5	2018-03-02 16:12:00
12221000.0	965000.0	1004.5	2018-03-02 16:13:00
12219000.0	964000.0	1004.5	2018-03-02 16:14:00
12214000.0	964000.0	1004.5	2018-03-02 16:15:00
12198000.0	963500.0	1004.0	2018-03-02 16:16:00
12190000.0	962500.0	1003.5	2018-03-02 16:17:00
12188000.0	962500.0	1003.0	2018-03-02 16:18:00
12189000.0	962500.0	1002.5	2018-03-02 16:19:00
12193500.0	962000.0	1002.5	2018-03-02 16:20:00
12194000.0	963000.0	1002.5	2018-03-02 16:21:00
12193000.0	964000.0	1002.0	2018-03-02 16:22:00
12190500.0	963500.0	1002.0	2018-03-02 16:23:00
12186000.0	963500.0	1001.5	2018-03-02 16:24:00
12182500.0	963500.0	1001.5	2018-03-02 16:25:00
12191000.0	963500.0	1002.5	2018-03-02 16:26:00
12197500.0	964000.0	1002.5	2018-03-02 16:27:00
12190500.0	963500.0	1002.0	2018-03-02 16:28:00
12182000.0	963500.0	1002.0	2018-03-02 16:29:00
12178500.0	964000.0	1001.5	2018-03-02 16:30:00
12177000.0	963500.0	1001.5	2018-03-02 16:31:00
12176500.0	962500.0	1001.0	2018-03-02 16:32:00
12179500.0	963000.0	1001.0	2018-03-02 16:33:00
12182000.0	964000.0	1002.0	2018-03-02 16:34:00
12180500.0	964000.0	1001.5	2018-03-02 16:35:00
12171500.0	963500.0	1001.5	2018-03-02 16:36:00
12167500.0	963000.0	1001.5	2018-03-02 16:37:00
12172500.0	962500.0	1002.0	2018-03-02 16:38:00
12174000.0	963000.0	1003.0	2018-03-02 16:39:00
12178500.0	963000.0	1002.5	2018-03-02 16:40:00
12182500.0	962000.0	1001.5	2018-03-02 16:41:00
12190000.0	962500.0	1001.0	2018-03-02 16:42:00
12191000.0	963000.0	1002.0	2018-03-02 16:43:00
12211500.0	963000.0	1003.0	2018-03-02 16:44:00
12222500.0	963000.0	1003.0	2018-03-02 16:45:00
12218000.0	963500.0	1003.0	2018-03-02 16:46:00
12224500.0	964000.0	1003.5	2018-03-02 16:47:00
12228500.0	963500.0	1003.5	2018-03-02 16:48:00
12235000.0	964000.0	1004.0	2018-03-02 16:49:00
12234500.0	964500.0	1005.5	2018-03-02 16:50:00
12243500.0	964000.0	1006.0	2018-03-02 16:51:00
12249000.0	964500.0	1006.0	2018-03-02 16:52:00
12243500.0	963500.0	1005.5	2018-03-02 16:53:00
12241000.0	962000.0	1005.5	2018-03-02 16:54:00
12248500.0	963500.0	1005.5	2018-03-02 16:55:00
12255500.0	964000.0	1005.5	2018-03-02 16:56:00
12251500.0	964000.0	1006.0	2018-03-02 16:57:00
12246500.0	965000.0	1005.5	2018-03-02 16:58:00
12250500.0	965000.0	1005.0	2018-03-02 16:59:00
12249500.0	965000.0	1005.5	2018-03-02 17:00:00
12242000.0	963500.0	1005.0	2018-03-02 17:01:00
12247000.0	962000.0	1004.0	2018-03-02 17:02:00
12245000.0	963500.0	1004.5	2018-03-02 17:03:00
12238000.0	965000.0	1005.0	2018-03-02 17:04:00
12237500.0	965000.0	1004.5	2018-03-02 17:05:00
12240000.0	965000.0	1005.0	2018-03-02 17:06:00
12249000.0	965000.0	1005.0	2018-03-02 17:07:00
12250500.0	965500.0	1004.5	2018-03-02 17:08:00
12251000.0	965500.0	1005.5	2018-03-02 17:09:00
12256000.0	964500.0	1005.5	2018-03-02 17:10:00
12256000.0	964000.0	1005.0	2018-03-02 17:11:00
12257500.0	965000.0	1005.0	2018-03-02 17:12:00
12263000.0	966000.0	1005.5	2018-03-02 17:13:00
12260000.0	966500.0	1005.5	2018-03-02 17:14:00
12258000.0	966500.0	1005.5	2018-03-02 17:15:00
12259000.0	966500.0	1005.0	2018-03-02 17:16:00
12262500.0	967000.0	1004.0	2018-03-02 17:17:00
12265000.0	966000.0	1005.5	2018-03-02 17:18:00
12258500.0	964000.0	1006.0	2018-03-02 17:19:00
12254000.0	964500.0	1006.0	2018-03-02 17:20:00
12253000.0	964500.0	1006.5	2018-03-02 17:21:00
12253500.0	963000.0	1006.0	2018-03-02 17:22:00
12245000.0	964500.0	1005.0	2018-03-02 17:23:00
12240000.0	966000.0	1004.0	2018-03-02 17:24:00
12244500.0	966000.0	1005.0	2018-03-02 17:25:00
12251500.0	966000.0	1006.0	2018-03-02 17:26:00
12254000.0	966500.0	1006.0	2018-03-02 17:27:00
12248500.0	967500.0	1006.5	2018-03-02 17:28:00
12249000.0	967500.0	1007.0	2018-03-02 17:29:00
12245500.0	967000.0	1006.5	2018-03-02 17:30:00
12241000.0	966000.0	1006.0	2018-03-02 17:31:00
12244500.0	965000.0	1006.5	2018-03-02 17:32:00
12246000.0	965000.0	1006.5	2018-03-02 17:33:00
12247500.0	964000.0	1006.0	2018-03-02 17:34:00
12247000.0	963000.0	1006.0	2018-03-02 17:35:00
12243000.0	963000.0	1006.0	2018-03-02 17:36:00
12243500.0	963000.0	1006.0	2018-03-02 17:37:00
12239000.0	964500.0	1005.5	2018-03-02 17:38:00
12236500.0	965000.0	1005.5	2018-03-02 17:39:00
12238500.0	965000.0	1006.0	2018-03-02 17:40:00
12235000.0	965000.0	1005.5	2018-03-02 17:41:00
12230500.0	964000.0	1005.0	2018-03-02 17:42:00
12228500.0	964000.0	1005.0	2018-03-02 17:43:00
12227500.0	963500.0	1005.0	2018-03-02 17:44:00
12223500.0	962500.0	1005.0	2018-03-02 17:45:00
12218500.0	962000.0	1005.5	2018-03-02 17:46:00
12203000.0	962000.0	1005.5	2018-03-02 17:47:00
12195000.0	962000.0	1005.0	2018-03-02 17:48:00
12195000.0	961500.0	1005.0	2018-03-02 17:49:00
12191500.0	961500.0	1005.0	2018-03-02 17:50:00
12200500.0	962000.0	1005.0	2018-03-02 17:51:00
12206500.0	962000.0	1005.0	2018-03-02 17:52:00
12204500.0	962500.0	1004.5	2018-03-02 17:53:00
12212500.0	962500.0	1004.5	2018-03-02 17:54:00
12226000.0	962000.0	1005.0	2018-03-02 17:55:00
12226500.0	962500.0	1005.0	2018-03-02 17:56:00
12222500.0	963000.0	1005.0	2018-03-02 17:57:00
12230500.0	963000.0	1005.0	2018-03-02 17:58:00
12246000.0	963000.0	1005.0	2018-03-02 17:59:00
12254500.0	962500.0	1005.5	2018-03-02 18:00:00
12253500.0	962000.0	1005.0	2018-03-02 18:01:00
12247500.0	961500.0	1005.0	2018-03-02 18:02:00
12250000.0	961000.0	1006.0	2018-03-02 18:03:00
12256000.0	961000.0	1006.0	2018-03-02 18:04:00
12253500.0	962000.0	1006.5	2018-03-02 18:05:00
12248000.0	962000.0	1008.0	2018-03-02 18:06:00
12245000.0	962000.0	1008.5	2018-03-02 18:07:00
12240500.0	963000.0	1008.0	2018-03-02 18:08:00
12235000.0	963000.0	1008.0	2018-03-02 18:09:00
12239500.0	963000.0	1007.5	2018-03-02 18:10:00
12242500.0	962500.0	1007.5	2018-03-02 18:11:00
12237000.0	961500.0	1006.5	2018-03-02 18:12:00
12238500.0	962500.0	1006.5	2018-03-02 18:13:00
12242000.0	963000.0	1007.5	2018-03-02 18:14:00
12236500.0	962000.0	1007.0	2018-03-02 18:15:00
12235500.0	962000.0	1007.5	2018-03-02 18:16:00
12238500.0	961500.0	1007.5	2018-03-02 18:17:00
12240500.0	961500.0	1007.0	2018-03-02 18:18:00
12237000.0	962000.0	1007.5	2018-03-02 18:19:00
12236000.0	962000.0	1007.0	2018-03-02 18:20:00
12238500.0	962500.0	1006.5	2018-03-02 18:21:00
12232000.0	962000.0	1007.0	2018-03-02 18:22:00
12228500.0	961000.0	1007.5	2018-03-02 18:23:00
12225000.0	961000.0	1008.0	2018-03-02 18:24:00
12224000.0	961000.0	1007.5	2018-03-02 18:25:00
12230000.0	961000.0	1007.5	2018-03-02 18:26:00
12234500.0	961000.0	1008.0	2018-03-02 18:27:00
12238500.0	961000.0	1008.0	2018-03-02 18:28:00
12234000.0	961500.0	1008.0	2018-03-02 18:29:00
12228500.0	962000.0	1007.5	2018-03-02 18:30:00
12229000.0	962000.0	1007.5	2018-03-02 18:31:00
12229000.0	962000.0	1008.0	2018-03-02 18:32:00
12225500.0	962000.0	1008.5	2018-03-02 18:33:00
12227000.0	961500.0	1008.0	2018-03-02 18:34:00
12239500.0	961000.0	1008.0	2018-03-02 18:35:00
12239500.0	961500.0	1009.0	2018-03-02 18:36:00
12243500.0	962000.0	1009.0	2018-03-02 18:37:00
12244500.0	962000.0	1009.0	2018-03-02 18:38:00
12238500.0	963000.0	1009.0	2018-03-02 18:39:00
12243000.0	963000.0	1009.0	2018-03-02 18:40:00
12239500.0	962000.0	1009.0	2018-03-02 18:41:00
12236000.0	962000.0	1009.0	2018-03-02 18:42:00
12237000.0	962000.0	1009.0	2018-03-02 18:43:00
12241000.0	962500.0	1009.0	2018-03-02 18:44:00
12251500.0	963500.0	1009.5	2018-03-02 18:45:00
12249500.0	964000.0	1010.0	2018-03-02 18:46:00
12243500.0	964000.0	1010.0	2018-03-02 18:47:00
12246500.0	964000.0	1010.0	2018-03-02 18:48:00
12247000.0	964000.0	1010.0	2018-03-02 18:49:00
12258000.0	963500.0	1011.0	2018-03-02 18:50:00
12269000.0	963500.0	1012.0	2018-03-02 18:51:00
12260500.0	963000.0	1012.0	2018-03-02 18:52:00
12254000.0	963000.0	1012.0	2018-03-02 18:53:00
12263000.0	964000.0	1011.5	2018-03-02 18:54:00
12269000.0	963000.0	1011.5	2018-03-02 18:55:00
12279500.0	962000.0	1011.5	2018-03-02 18:56:00
12286000.0	961500.0	1011.0	2018-03-02 18:57:00
12281000.0	961000.0	1011.0	2018-03-02 18:58:00
12280500.0	962500.0	1010.5	2018-03-02 18:59:00
12282000.0	964000.0	1010.0	2018-03-02 19:00:00
12280500.0	964000.0	1010.0	2018-03-02 19:01:00
12276000.0	964000.0	1010.0	2018-03-02 19:02:00
12272000.0	964000.0	1010.0	2018-03-02 19:03:00
12276500.0	964000.0	1009.0	2018-03-02 19:04:00
12277000.0	963000.0	1009.0	2018-03-02 19:05:00
12279000.0	963000.0	1009.5	2018-03-02 19:06:00
12285000.0	964000.0	1009.5	2018-03-02 19:07:00
12281500.0	963000.0	1010.0	2018-03-02 19:08:00
12278000.0	963000.0	1009.5	2018-03-02 19:09:00
12284500.0	963500.0	1008.5	2018-03-02 19:10:00
12287500.0	963500.0	1008.5	2018-03-02 19:11:00
12281000.0	962000.0	1008.5	2018-03-02 19:12:00
12279000.0	961000.0	1007.5	2018-03-02 19:13:00
12275500.0	962000.0	1007.5	2018-03-02 19:14:00
12256500.0	961500.0	1007.5	2018-03-02 19:15:00
12248500.0	960500.0	1007.5	2018-03-02 19:16:00
12263000.0	960000.0	1008.0	2018-03-02 19:17:00
12268500.0	960000.0	1007.5	2018-03-02 19:18:00
12263500.0	959500.0	1006.5	2018-03-02 19:19:00
12254500.0	959500.0	1006.0	2018-03-02 19:20:00
12248000.0	959500.0	1006.5	2018-03-02 19:21:00
12246500.0	959000.0	1007.0	2018-03-02 19:22:00
12253500.0	959000.0	1006.0	2018-03-02 19:23:00
12259000.0	959500.0	1005.5	2018-03-02 19:24:00
12256500.0	959000.0	1005.5	2018-03-02 19:25:00
12255500.0	959500.0	1005.5	2018-03-02 19:26:00
12256000.0	961000.0	1006.0	2018-03-02 19:27:00
12257500.0	961000.0	1005.5	2018-03-02 19:28:00
12259500.0	961000.0	1005.0	2018-03-02 19:29:00
12259500.0	961500.0	1005.0	2018-03-02 19:30:00
12258500.0	961500.0	1005.0	2018-03-02 19:31:00
12258000.0	962000.0	1005.5	2018-03-02 19:32:00
12260000.0	963000.0	1005.5	2018-03-02 19:33:00
12259500.0	963000.0	1005.5	2018-03-02 19:34:00
12261500.0	962000.0	1005.5	2018-03-02 19:35:00
12266000.0	962000.0	1005.0	2018-03-02 19:36:00
12263500.0	961500.0	1005.0	2018-03-02 19:37:00
12263500.0	961000.0	1005.0	2018-03-02 19:38:00
12265500.0	961500.0	1005.5	2018-03-02 19:39:00
12264000.0	961000.0	1006.0	2018-03-02 19:40:00
12262500.0	961000.0	1006.0	2018-03-02 19:41:00
12261500.0	961000.0	1006.0	2018-03-02 19:42:00
12262500.0	960000.0	1006.0	2018-03-02 19:43:00
12264500.0	960000.0	1006.0	2018-03-02 19:44:00
12265500.0	961500.0	1006.5	2018-03-02 19:45:00
12270500.0	962000.0	1007.0	2018-03-02 19:46:00
12276500.0	961000.0	1007.5	2018-03-02 19:47:00
12280000.0	960000.0	1008.5	2018-03-02 19:48:00
12274000.0	959500.0	1009.0	2018-03-02 19:49:00
12274500.0	960500.0	1009.0	2018-03-02 19:50:00
12283000.0	962000.0	1009.0	2018-03-02 19:51:00
12285500.0	962000.0	1009.0	2018-03-02 19:52:00
12289000.0	961500.0	1009.0	2018-03-02 19:53:00
12294500.0	961000.0	1008.5	2018-03-02 19:54:00
12297000.0	961500.0	1008.5	2018-03-02 19:55:00
12295000.0	962500.0	1008.5	2018-03-02 19:56:00
12297500.0	962500.0	1009.0	2018-03-02 19:57:00
12299500.0	961000.0	1010.0	2018-03-02 19:58:00
12303000.0	960000.0	1010.0	2018-03-02 19:59:00
12315500.0	960500.0	1010.0	2018-03-02 20:00:00
12319000.0	960000.0	1009.5	2018-03-02 20:01:00
12318500.0	960500.0	1010.5	2018-03-02 20:02:00
12317500.0	962000.0	1011.5	2018-03-02 20:03:00
12311000.0	961500.0	1011.0	2018-03-02 20:04:00
12305000.0	961000.0	1010.5	2018-03-02 20:05:00
12303500.0	960500.0	1009.5	2018-03-02 20:06:00
12297000.0	959500.0	1009.0	2018-03-02 20:07:00
12288000.0	959500.0	1009.5	2018-03-02 20:08:00
12283000.0	959500.0	1009.5	2018-03-02 20:09:00
12280000.0	959500.0	1009.5	2018-03-02 20:10:00
12291000.0	960000.0	1010.0	2018-03-02 20:11:00
12305500.0	960000.0	1010.0	2018-03-02 20:12:00
12312000.0	960000.0	1009.5	2018-03-02 20:13:00
12312000.0	961000.0	1009.5	2018-03-02 20:14:00
12321000.0	962000.0	1010.5	2018-03-02 20:15:00
12325500.0	961500.0	1011.0	2018-03-02 20:16:00
12329000.0	962000.0	1011.0	2018-03-02 20:17:00
12336500.0	962000.0	1011.0	2018-03-02 20:18:00
12338000.0	960500.0	1011.0	2018-03-02 20:19:00
12345000.0	960500.0	1010.5	2018-03-02 20:20:00
12348000.0	960500.0	1010.0	2018-03-02 20:21:00
12348500.0	960000.0	1010.0	2018-03-02 20:22:00
12343500.0	960500.0	1010.0	2018-03-02 20:23:00
12339500.0	961000.0	1009.5	2018-03-02 20:24:00
12345500.0	961000.0	1009.0	2018-03-02 20:25:00
12350000.0	960500.0	1009.0	2018-03-02 20:26:00
12347000.0	959500.0	1009.0	2018-03-02 20:27:00
12343500.0	960000.0	1009.0	2018-03-02 20:28:00
12349000.0	961000.0	1008.5	2018-03-02 20:29:00
12358000.0	960000.0	1008.0	2018-03-02 20:30:00
12354000.0	959000.0	1009.0	2018-03-02 20:31:00
12353000.0	960000.0	1010.0	2018-03-02 20:32:00
12360500.0	960500.0	1009.0	2018-03-02 20:33:00
12364000.0	960000.0	1008.5	2018-03-02 20:34:00
12368000.0	960500.0	1009.0	2018-03-02 20:35:00
12362000.0	961000.0	1009.0	2018-03-02 20:36:00
12361000.0	962000.0	1008.5	2018-03-02 20:37:00
12371500.0	962500.0	1009.0	2018-03-02 20:38:00
12370000.0	961500.0	1010.0	2018-03-02 20:39:00
12361500.0	960000.0	1009.0	2018-03-02 20:40:00
12361500.0	960500.0	1008.0	2018-03-02 20:41:00
12362000.0	961000.0	1008.5	2018-03-02 20:42:00
12359500.0	960000.0	1009.0	2018-03-02 20:43:00
12362500.0	960000.0	1009.5	2018-03-02 20:44:00
12367500.0	960500.0	1010.0	2018-03-02 20:45:00
12372000.0	961000.0	1009.5	2018-03-02 20:46:00
12377000.0	961500.0	1009.5	2018-03-02 20:47:00
12386000.0	962000.0	1010.0	2018-03-02 20:48:00
12393000.0	961500.0	1010.5	2018-03-02 20:49:00
12396000.0	961500.0	1010.5	2018-03-02 20:50:00
12398500.0	961000.0	1011.0	2018-03-02 20:51:00
12384500.0	961000.0	1012.0	2018-03-02 20:52:00
12379500.0	961500.0	1011.5	2018-03-02 20:53:00
12372500.0	960500.0	1011.0	2018-03-02 20:54:00
12378000.0	961500.0	1011.0	2018-03-02 20:55:00
12374000.0	962500.0	1011.0	2018-03-02 20:56:00
12382000.0	961000.0	1011.0	2018-03-02 20:57:00
12389000.0	961000.0	1011.5	2018-03-02 20:58:00
12380500.0	962000.0	1012.0	2018-03-02 20:59:00
12377500.0	961500.0	1011.5	2018-03-02 21:00:00
12373500.0	960500.0	1011.0	2018-03-02 21:01:00
12369500.0	960500.0	1010.5	2018-03-02 21:02:00
12369000.0	961000.0	1010.5	2018-03-02 21:03:00
12377000.0	962000.0	1011.0	2018-03-02 21:04:00
12377500.0	961500.0	1010.0	2018-03-02 21:05:00
12381500.0	960500.0	1009.5	2018-03-02 21:06:00
12390000.0	960500.0	1009.5	2018-03-02 21:07:00
12387500.0	961000.0	1009.5	2018-03-02 21:08:00
12373500.0	962000.0	1009.5	2018-03-02 21:09:00
12367500.0	961500.0	1009.0	2018-03-02 21:10:00
12371500.0	961000.0	1009.0	2018-03-02 21:11:00
12355500.0	960000.0	1009.0	2018-03-02 21:12:00
12345000.0	959000.0	1009.0	2018-03-02 21:13:00
12338000.0	958500.0	1008.5	2018-03-02 21:14:00
12354500.0	958500.0	1008.0	2018-03-02 21:15:00
12368000.0	958500.0	1008.0	2018-03-02 21:16:00
12358500.0	959500.0	1008.5	2018-03-02 21:17:00
12364000.0	961000.0	1009.0	2018-03-02 21:18:00
12363500.0	961500.0	1009.5	2018-03-02 21:19:00
12364000.0	961000.0	1010.0	2018-03-02 21:20:00
12371000.0	960500.0	1010.0	2018-03-02 21:21:00
12376500.0	961500.0	1010.5	2018-03-02 21:22:00
12378500.0	961500.0	1010.0	2018-03-02 21:23:00
12378000.0	960500.0	1008.5	2018-03-02 21:24:00
12380000.0	960500.0	1009.0	2018-03-02 21:25:00
12381500.0	962000.0	1010.0	2018-03-02 21:26:00
12383500.0	963000.0	1010.0	2018-03-02 21:27:00
12380500.0	961500.0	1010.0	2018-03-02 21:28:00
12381000.0	961500.0	1010.5	2018-03-02 21:29:00
12387500.0	962000.0	1010.5	2018-03-02 21:30:00
12392000.0	962000.0	1010.0	2018-03-02 21:31:00
12395000.0	962000.0	1010.0	2018-03-02 21:32:00
12392000.0	962000.0	1010.5	2018-03-02 21:33:00
12386500.0	962500.0	1011.0	2018-03-02 21:34:00
12380500.0	962000.0	1010.5	2018-03-02 21:35:00
12373500.0	962500.0	1010.0	2018-03-02 21:36:00
12371000.0	963000.0	1010.0	2018-03-02 21:37:00
12373500.0	962000.0	1010.0	2018-03-02 21:38:00
12372000.0	961500.0	1010.0	2018-03-02 21:39:00
12375000.0	961500.0	1009.5	2018-03-02 21:40:00
12379000.0	962000.0	1009.0	2018-03-02 21:41:00
12379000.0	962000.0	1008.5	2018-03-02 21:42:00
12384000.0	962000.0	1010.0	2018-03-02 21:43:00
12394000.0	963000.0	1010.0	2018-03-02 21:44:00
12391000.0	962000.0	1009.0	2018-03-02 21:45:00
12383500.0	961000.0	1008.5	2018-03-02 21:46:00
12385000.0	961000.0	1008.0	2018-03-02 21:47:00
12382000.0	963000.0	1008.0	2018-03-02 21:48:00
12377000.0	963000.0	1009.0	2018-03-02 21:49:00
12377000.0	961000.0	1008.5	2018-03-02 21:50:00
12375500.0	961500.0	1008.0	2018-03-02 21:51:00
12374500.0	961500.0	1007.5	2018-03-02 21:52:00
12372000.0	962500.0	1007.5	2018-03-02 21:53:00
12365000.0	964000.0	1008.0	2018-03-02 21:54:00
12363000.0	963500.0	1007.5	2018-03-02 21:55:00
12365500.0	963500.0	1007.0	2018-03-02 21:56:00
12359500.0	963000.0	1006.5	2018-03-02 21:57:00
12366000.0	963000.0	1006.5	2018-03-02 21:58:00
12383000.0	964000.0	1007.5	2018-03-02 21:59:00
12384500.0	964500.0	1007.5	2018-03-02 22:00:00
12375000.0	963500.0	1008.0	2018-03-02 22:01:00
12375000.0	963000.0	1009.0	2018-03-02 22:02:00
12379500.0	964500.0	1008.5	2018-03-02 22:03:00
12382000.0	965000.0	1008.0	2018-03-02 22:04:00
12384500.0	965500.0	1008.5	2018-03-02 22:05:00
12388500.0	964500.0	1009.0	2018-03-02 22:06:00
12392500.0	964000.0	1009.0	2018-03-02 22:07:00
12392500.0	964000.0	1009.0	2018-03-02 22:08:00
12395000.0	963000.0	1009.0	2018-03-02 22:09:00
12394000.0	963000.0	1008.5	2018-03-02 22:10:00
12393000.0	963000.0	1008.5	2018-03-02 22:11:00
12392000.0	963500.0	1010.0	2018-03-02 22:12:00
12389500.0	964000.0	1010.5	2018-03-02 22:13:00
12388500.0	964500.0	1011.0	2018-03-02 22:14:00
12390500.0	966000.0	1011.5	2018-03-02 22:15:00
12389500.0	966000.0	1011.5	2018-03-02 22:16:00
12387500.0	965500.0	1012.0	2018-03-02 22:17:00
12387000.0	966000.0	1012.0	2018-03-02 22:18:00
12386500.0	965500.0	1011.0	2018-03-02 22:19:00
12386500.0	965500.0	1011.0	2018-03-02 22:20:00
12382500.0	966000.0	1011.5	2018-03-02 22:21:00
12381000.0	966000.0	1011.0	2018-03-02 22:22:00
12383500.0	966000.0	1011.0	2018-03-02 22:23:00
12381000.0	965000.0	1010.5	2018-03-02 22:24:00
12384000.0	964000.0	1010.5	2018-03-02 22:25:00
12390000.0	964500.0	1010.5	2018-03-02 22:26:00
12392000.0	964000.0	1010.5	2018-03-02 22:27:00
12397000.0	964000.0	1010.5	2018-03-02 22:28:00
12397000.0	965000.0	1010.0	2018-03-02 22:29:00
12399500.0	965500.0	1011.0	2018-03-02 22:30:00
12406000.0	965000.0	1011.0	2018-03-02 22:31:00
12403500.0	965000.0	1010.0	2018-03-02 22:32:00
12399000.0	966000.0	1009.5	2018-03-02 22:33:00
12397000.0	965000.0	1009.0	2018-03-02 22:34:00
12396000.0	964500.0	1009.0	2018-03-02 22:35:00
12398500.0	964000.0	1009.5	2018-03-02 22:36:00
12399000.0	963000.0	1010.0	2018-03-02 22:37:00
12397000.0	964500.0	1009.5	2018-03-02 22:38:00
12395500.0	964500.0	1009.0	2018-03-02 22:39:00
12397000.0	963000.0	1008.5	2018-03-02 22:40:00
12403000.0	964000.0	1008.5	2018-03-02 22:41:00
12403000.0	964500.0	1008.5	2018-03-02 22:42:00
12397500.0	964000.0	1008.0	2018-03-02 22:43:00
12397000.0	964000.0	1008.0	2018-03-02 22:44:00
12403000.0	963500.0	1008.5	2018-03-02 22:45:00
12406000.0	964000.0	1008.5	2018-03-02 22:46:00
12412500.0	965000.0	1008.0	2018-03-02 22:47:00
12426000.0	965000.0	1009.5	2018-03-02 22:48:00
12426000.0	964500.0	1011.0	2018-03-02 22:49:00
12422500.0	964000.0	1010.5	2018-03-02 22:50:00
12430000.0	964000.0	1010.0	2018-03-02 22:51:00
12434500.0	964000.0	1010.0	2018-03-02 22:52:00
12434500.0	964000.0	1010.0	2018-03-02 22:53:00
12436500.0	964000.0	1010.0	2018-03-02 22:54:00
12441000.0	963500.0	1010.5	2018-03-02 22:55:00
12444000.0	963500.0	1010.5	2018-03-02 22:56:00
12445000.0	965000.0	1010.0	2018-03-02 22:57:00
12446000.0	965500.0	1010.5	2018-03-02 22:58:00
12447500.0	965500.0	1010.5	2018-03-02 22:59:00
12449000.0	966500.0	1010.0	2018-03-02 23:00:00
12448000.0	966500.0	1010.0	2018-03-02 23:01:00
12441000.0	966000.0	1010.5	2018-03-02 23:02:00
12432000.0	966000.0	1010.5	2018-03-02 23:03:00
12441500.0	966500.0	1010.5	2018-03-02 23:04:00
12454000.0	967000.0	1011.0	2018-03-02 23:05:00
12454000.0	966500.0	1011.0	2018-03-02 23:06:00
12455500.0	965500.0	1011.0	2018-03-02 23:07:00
12458000.0	965500.0	1011.0	2018-03-02 23:08:00
12457500.0	966000.0	1011.0	2018-03-02 23:09:00
12455500.0	966000.0	1010.5	2018-03-02 23:10:00
12444500.0	966000.0	1010.0	2018-03-02 23:11:00
12439000.0	966000.0	1010.0	2018-03-02 23:12:00
12445000.0	966500.0	1010.0	2018-03-02 23:13:00
12445500.0	966000.0	1011.0	2018-03-02 23:14:00
12447000.0	965500.0	1012.0	2018-03-02 23:15:00
12446000.0	966500.0	1012.0	2018-03-02 23:16:00
12443000.0	967000.0	1012.0	2018-03-02 23:17:00
12442500.0	967000.0	1011.5	2018-03-02 23:18:00
12445000.0	967000.0	1011.0	2018-03-02 23:19:00
12444000.0	966500.0	1011.0	2018-03-02 23:20:00
12438000.0	966000.0	1011.0	2018-03-02 23:21:00
12424000.0	965000.0	1011.0	2018-03-02 23:22:00
12411000.0	964500.0	1010.5	2018-03-02 23:23:00
12402500.0	964500.0	1010.0	2018-03-02 23:24:00
12400000.0	965000.0	1010.0	2018-03-02 23:25:00
12402000.0	965500.0	1010.0	2018-03-02 23:26:00
12389500.0	964500.0	1009.0	2018-03-02 23:27:00
12388500.0	964500.0	1008.0	2018-03-02 23:28:00
12399500.0	965000.0	1009.0	2018-03-02 23:29:00
12400000.0	965000.0	1009.0	2018-03-02 23:30:00
12386500.0	965500.0	1008.5	2018-03-02 23:31:00
12383500.0	965000.0	1009.0	2018-03-02 23:32:00
12384500.0	964000.0	1009.0	2018-03-02 23:33:00
12382500.0	964500.0	1009.5	2018-03-02 23:34:00
12378500.0	965000.0	1009.5	2018-03-02 23:35:00
12376000.0	964000.0	1009.0	2018-03-02 23:36:00
12382500.0	964000.0	1009.0	2018-03-02 23:37:00
12382500.0	964500.0	1009.0	2018-03-02 23:38:00
12380500.0	964500.0	1009.0	2018-03-02 23:39:00
12380000.0	963500.0	1009.0	2018-03-02 23:40:00
12390500.0	962500.0	1009.0	2018-03-02 23:41:00
12395500.0	963500.0	1009.0	2018-03-02 23:42:00
12388000.0	964500.0	1008.5	2018-03-02 23:43:00
12385000.0	964000.0	1008.5	2018-03-02 23:44:00
12389000.0	962500.0	1008.5	2018-03-02 23:45:00
12390500.0	962500.0	1008.0	2018-03-02 23:46:00
12387500.0	963500.0	1008.0	2018-03-02 23:47:00
12386000.0	964000.0	1008.0	2018-03-02 23:48:00
12388000.0	964000.0	1007.5	2018-03-02 23:49:00
12395000.0	964000.0	1007.5	2018-03-02 23:50:00
12405000.0	964500.0	1008.0	2018-03-02 23:51:00
12411000.0	965000.0	1008.0	2018-03-02 23:52:00
12411500.0	965000.0	1008.5	2018-03-02 23:53:00
12412000.0	965000.0	1008.5	2018-03-02 23:54:00
12406500.0	964000.0	1008.5	2018-03-02 23:55:00
12408000.0	963500.0	1008.5	2018-03-02 23:56:00
12417000.0	964500.0	1008.0	2018-03-02 23:57:00
12420000.0	965000.0	1008.0	2018-03-02 23:58:00
12433000.0	965000.0	1008.0	2018-03-02 23:59:00
12442000.0	965000.0	1008.5	2018-03-03 00:00:00
12450000.0	965500.0	1009.0	2018-03-03 00:01:00
12458500.0	965500.0	1008.5	2018-03-03 00:02:00
12459000.0	965000.0	1008.5	2018-03-03 00:03:00
12458000.0	965000.0	1008.5	2018-03-03 00:04:00
12463500.0	965500.0	1008.0	2018-03-03 00:05:00
12470000.0	966000.0	1008.5	2018-03-03 00:06:00
12474000.0	966000.0	1008.5	2018-03-03 00:07:00
12475500.0	966000.0	1009.0	2018-03-03 00:08:00
12470500.0	966000.0	1009.5	2018-03-03 00:09:00
12460000.0	965500.0	1009.0	2018-03-03 00:10:00
12452500.0	964500.0	1009.0	2018-03-03 00:11:00
12464000.0	964500.0	1009.0	2018-03-03 00:12:00
12464000.0	965500.0	1009.0	2018-03-03 00:13:00
12455000.0	966000.0	1008.5	2018-03-03 00:14:00
12458500.0	965500.0	1008.5	2018-03-03 00:15:00
12458000.0	965000.0	1008.5	2018-03-03 00:16:00
12448000.0	965000.0	1008.0	2018-03-03 00:17:00
12440500.0	965000.0	1008.0	2018-03-03 00:18:00
12441500.0	965500.0	1008.5	2018-03-03 00:19:00
12448500.0	965500.0	1009.0	2018-03-03 00:20:00
12456000.0	965500.0	1009.0	2018-03-03 00:21:00
12457500.0	965500.0	1009.0	2018-03-03 00:22:00
12454500.0	966000.0	1009.0	2018-03-03 00:23:00
12454500.0	966000.0	1009.0	2018-03-03 00:24:00
12454500.0	965500.0	1009.5	2018-03-03 00:25:00
12454000.0	966500.0	1009.5	2018-03-03 00:26:00
12455500.0	966500.0	1009.0	2018-03-03 00:27:00
12454500.0	966500.0	1009.0	2018-03-03 00:28:00
12449000.0	966500.0	1009.5	2018-03-03 00:29:00
12443500.0	965500.0	1009.5	2018-03-03 00:30:00
12443000.0	965500.0	1009.5	2018-03-03 00:31:00
12441500.0	965500.0	1010.0	2018-03-03 00:32:00
12438500.0	965000.0	1010.0	2018-03-03 00:33:00
12432500.0	965000.0	1010.0	2018-03-03 00:34:00
12425000.0	964500.0	1010.5	2018-03-03 00:35:00
12417500.0	964000.0	1011.0	2018-03-03 00:36:00
12408000.0	964000.0	1010.5	2018-03-03 00:37:00
12407000.0	964000.0	1010.0	2018-03-03 00:38:00
12407000.0	964000.0	1010.5	2018-03-03 00:39:00
12403000.0	964000.0	1010.5	2018-03-03 00:40:00
12402000.0	964000.0	1010.5	2018-03-03 00:41:00
12402000.0	963500.0	1010.5	2018-03-03 00:42:00
12403500.0	963500.0	1010.5	2018-03-03 00:43:00
12406500.0	964000.0	1011.0	2018-03-03 00:44:00
12419500.0	964000.0	1012.0	2018-03-03 00:45:00
12435500.0	964500.0	1014.0	2018-03-03 00:46:00
12434000.0	965000.0	1019.0	2018-03-03 00:47:00
12428500.0	965000.0	1021.5	2018-03-03 00:48:00
12429500.0	964500.0	1021.0	2018-03-03 00:49:00
12430500.0	964500.0	1021.5	2018-03-03 00:50:00
12434500.0	964500.0	1021.5	2018-03-03 00:51:00
12437500.0	964500.0	1022.5	2018-03-03 00:52:00
12438500.0	965000.0	1023.0	2018-03-03 00:53:00
12423000.0	964500.0	1023.5	2018-03-03 00:54:00
12406000.0	964000.0	1026.0	2018-03-03 00:55:00
12398000.0	964000.0	1025.0	2018-03-03 00:56:00
12394000.0	964000.0	1022.5	2018-03-03 00:57:00
12399000.0	964000.0	1022.0	2018-03-03 00:58:00
12395500.0	963500.0	1020.5	2018-03-03 00:59:00
12393000.0	964000.0	1020.0	2018-03-03 01:00:00
12392500.0	964500.0	1021.0	2018-03-03 01:01:00
12396500.0	964000.0	1021.0	2018-03-03 01:02:00
12405500.0	964500.0	1021.0	2018-03-03 01:03:00
12404000.0	964500.0	1020.0	2018-03-03 01:04:00
12399500.0	963500.0	1017.0	2018-03-03 01:05:00
12399500.0	963000.0	1016.5	2018-03-03 01:06:00
12395000.0	963500.0	1017.0	2018-03-03 01:07:00
12409000.0	964000.0	1018.0	2018-03-03 01:08:00
12433000.0	964000.0	1019.0	2018-03-03 01:09:00
12440500.0	964000.0	1019.0	2018-03-03 01:10:00
12448500.0	964000.0	1017.5	2018-03-03 01:11:00
12460000.0	964500.0	1016.0	2018-03-03 01:12:00
12459500.0	965000.0	1016.0	2018-03-03 01:13:00
12455500.0	964500.0	1015.5	2018-03-03 01:14:00
12456000.0	965000.0	1015.0	2018-03-03 01:15:00
12449500.0	965500.0	1015.0	2018-03-03 01:16:00
12452500.0	965500.0	1015.0	2018-03-03 01:17:00
12461500.0	966000.0	1016.0	2018-03-03 01:18:00
12477500.0	966000.0	1016.5	2018-03-03 01:19:00
12484000.0	966000.0	1016.5	2018-03-03 01:20:00
12479500.0	966500.0	1016.0	2018-03-03 01:21:00
12488500.0	967000.0	1015.5	2018-03-03 01:22:00
12494500.0	967500.0	1015.5	2018-03-03 01:23:00
12490000.0	967500.0	1016.0	2018-03-03 01:24:00
12485000.0	966500.0	1016.0	2018-03-03 01:25:00
12471000.0	966000.0	1015.5	2018-03-03 01:26:00
12463500.0	966000.0	1015.0	2018-03-03 01:27:00
12468000.0	965500.0	1015.5	2018-03-03 01:28:00
12477500.0	966000.0	1016.5	2018-03-03 01:29:00
12482000.0	967000.0	1016.5	2018-03-03 01:30:00
12483500.0	967000.0	1016.5	2018-03-03 01:31:00
12487000.0	967000.0	1016.5	2018-03-03 01:32:00
12484000.0	967500.0	1017.0	2018-03-03 01:33:00
12482000.0	967500.0	1018.0	2018-03-03 01:34:00
12481500.0	966000.0	1017.5	2018-03-03 01:35:00
12472500.0	965500.0	1017.0	2018-03-03 01:36:00
12468000.0	966500.0	1017.0	2018-03-03 01:37:00
12475000.0	966500.0	1016.5	2018-03-03 01:38:00
12476500.0	966000.0	1016.0	2018-03-03 01:39:00
12469500.0	966000.0	1016.0	2018-03-03 01:40:00
12473500.0	966000.0	1017.0	2018-03-03 01:41:00
12485500.0	966000.0	1018.0	2018-03-03 01:42:00
12493500.0	966000.0	1018.0	2018-03-03 01:43:00
12504000.0	966000.0	1018.5	2018-03-03 01:44:00
12509500.0	966000.0	1018.0	2018-03-03 01:45:00
12505500.0	966000.0	1017.5	2018-03-03 01:46:00
12497000.0	966500.0	1018.0	2018-03-03 01:47:00
12484000.0	966500.0	1018.0	2018-03-03 01:48:00
12480000.0	965500.0	1018.0	2018-03-03 01:49:00
12482500.0	965000.0	1017.5	2018-03-03 01:50:00
12481000.0	965500.0	1017.0	2018-03-03 01:51:00
12486000.0	965500.0	1017.5	2018-03-03 01:52:00
12493000.0	965500.0	1018.0	2018-03-03 01:53:00
12494500.0	965500.0	1018.0	2018-03-03 01:54:00
12493500.0	965000.0	1018.0	2018-03-03 01:55:00
12500000.0	965500.0	1018.0	2018-03-03 01:56:00
12501000.0	966000.0	1018.0	2018-03-03 01:57:00
12497500.0	966000.0	1018.0	2018-03-03 01:58:00
12500000.0	966000.0	1018.0	2018-03-03 01:59:00
12506000.0	966000.0	1018.0	2018-03-03 02:00:00
12512500.0	965500.0	1018.0	2018-03-03 02:01:00
12511500.0	965500.0	1017.5	2018-03-03 02:02:00
12501500.0	966000.0	1017.5	2018-03-03 02:03:00
12491000.0	965500.0	1017.0	2018-03-03 02:04:00
12493000.0	965000.0	1015.5	2018-03-03 02:05:00
12506500.0	965000.0	1016.0	2018-03-03 02:06:00
12510000.0	965500.0	1017.0	2018-03-03 02:07:00
12504500.0	965500.0	1016.0	2018-03-03 02:08:00
12503500.0	965000.0	1015.5	2018-03-03 02:09:00
12506500.0	965000.0	1016.5	2018-03-03 02:10:00
12513500.0	965000.0	1016.0	2018-03-03 02:11:00
12513500.0	965500.0	1015.5	2018-03-03 02:12:00
12512000.0	965500.0	1016.0	2018-03-03 02:13:00
12514500.0	965500.0	1015.5	2018-03-03 02:14:00
12520000.0	966000.0	1016.0	2018-03-03 02:15:00
12526000.0	965500.0	1017.5	2018-03-03 02:16:00
12527500.0	965500.0	1018.0	2018-03-03 02:17:00
12533000.0	966000.0	1018.0	2018-03-03 02:18:00
12539000.0	966000.0	1017.0	2018-03-03 02:19:00
12531500.0	965500.0	1016.5	2018-03-03 02:20:00
12521000.0	965500.0	1017.0	2018-03-03 02:21:00
12523000.0	966500.0	1016.5	2018-03-03 02:22:00
12533000.0	966000.0	1016.5	2018-03-03 02:23:00
12537000.0	965000.0	1017.0	2018-03-03 02:24:00
12535500.0	965000.0	1017.0	2018-03-03 02:25:00
12534000.0	965500.0	1016.5	2018-03-03 02:26:00
12533500.0	966500.0	1016.0	2018-03-03 02:27:00
12536000.0	967000.0	1016.5	2018-03-03 02:28:00
12541000.0	967000.0	1018.0	2018-03-03 02:29:00
12538500.0	966000.0	1018.5	2018-03-03 02:30:00
12529500.0	965000.0	1018.0	2018-03-03 02:31:00
12514000.0	966000.0	1018.0	2018-03-03 02:32:00
12511500.0	967000.0	1018.0	2018-03-03 02:33:00
12519500.0	966500.0	1018.0	2018-03-03 02:34:00
12531000.0	966000.0	1018.0	2018-03-03 02:35:00
12552000.0	966500.0	1018.0	2018-03-03 02:36:00
12568500.0	967000.0	1018.5	2018-03-03 02:37:00
12575500.0	966500.0	1019.0	2018-03-03 02:38:00
12573500.0	966000.0	1019.0	2018-03-03 02:39:00
12577000.0	965000.0	1019.0	2018-03-03 02:40:00
12583500.0	964000.0	1019.0	2018-03-03 02:41:00
12590000.0	965000.0	1019.0	2018-03-03 02:42:00
12601000.0	965500.0	1019.5	2018-03-03 02:43:00
12609000.0	964500.0	1020.0	2018-03-03 02:44:00
12599000.0	964500.0	1019.5	2018-03-03 02:45:00
12589500.0	964500.0	1018.5	2018-03-03 02:46:00
12588000.0	964000.0	1018.5	2018-03-03 02:47:00
12589000.0	964500.0	1019.0	2018-03-03 02:48:00
12592000.0	965000.0	1018.5	2018-03-03 02:49:00
12594500.0	965000.0	1018.5	2018-03-03 02:50:00
12608000.0	964500.0	1018.5	2018-03-03 02:51:00
12611000.0	964000.0	1017.5	2018-03-03 02:52:00
12611500.0	964000.0	1017.5	2018-03-03 02:53:00
12624000.0	964500.0	1018.0	2018-03-03 02:54:00
12618000.0	965000.0	1018.0	2018-03-03 02:55:00
12609500.0	964500.0	1017.0	2018-03-03 02:56:00
12602500.0	964000.0	1015.5	2018-03-03 02:57:00
12600500.0	964500.0	1015.0	2018-03-03 02:58:00
12604000.0	965500.0	1014.5	2018-03-03 02:59:00
12606000.0	965000.0	1014.5	2018-03-03 03:00:00
12608000.0	964500.0	1016.0	2018-03-03 03:01:00
12606000.0	965000.0	1016.5	2018-03-03 03:02:00
12608000.0	966000.0	1015.5	2018-03-03 03:03:00
12611500.0	965000.0	1015.0	2018-03-03 03:04:00
12610500.0	964000.0	1015.5	2018-03-03 03:05:00
12603000.0	964000.0	1016.0	2018-03-03 03:06:00
12601500.0	964000.0	1016.0	2018-03-03 03:07:00
12608500.0	964000.0	1015.5	2018-03-03 03:08:00
12612000.0	964000.0	1015.0	2018-03-03 03:09:00
12611000.0	964500.0	1014.5	2018-03-03 03:10:00
12611500.0	965000.0	1014.0	2018-03-03 03:11:00
12610500.0	965000.0	1014.0	2018-03-03 03:12:00
12610500.0	965000.0	1014.0	2018-03-03 03:13:00
12610500.0	965000.0	1013.5	2018-03-03 03:14:00
12610500.0	965000.0	1013.5	2018-03-03 03:15:00
12610500.0	965500.0	1014.5	2018-03-03 03:16:00
12606000.0	965000.0	1014.0	2018-03-03 03:17:00
12591500.0	964000.0	1013.0	2018-03-03 03:18:00
12584500.0	964500.0	1013.5	2018-03-03 03:19:00
12585000.0	964000.0	1013.5	2018-03-03 03:20:00
12579500.0	963000.0	1012.5	2018-03-03 03:21:00
12577500.0	963500.0	1012.0	2018-03-03 03:22:00
12578000.0	963500.0	1012.0	2018-03-03 03:23:00
12576000.0	963000.0	1012.0	2018-03-03 03:24:00
12576000.0	963000.0	1012.0	2018-03-03 03:25:00
12576000.0	963500.0	1012.5	2018-03-03 03:26:00
12576500.0	963500.0	1012.5	2018-03-03 03:27:00
12585000.0	963000.0	1011.5	2018-03-03 03:28:00
12592000.0	963500.0	1011.0	2018-03-03 03:29:00
12585500.0	963500.0	1011.5	2018-03-03 03:30:00
12572000.0	963000.0	1012.0	2018-03-03 03:31:00
12558000.0	962000.0	1011.0	2018-03-03 03:32:00
12551000.0	961000.0	1010.5	2018-03-03 03:33:00
12549000.0	961500.0	1011.5	2018-03-03 03:34:00
12542500.0	961500.0	1011.5	2018-03-03 03:35:00
12548000.0	961500.0	1011.5	2018-03-03 03:36:00
12556500.0	961500.0	1011.5	2018-03-03 03:37:00
12562000.0	960500.0	1011.0	2018-03-03 03:38:00
12572000.0	960000.0	1011.0	2018-03-03 03:39:00
12572500.0	961000.0	1011.5	2018-03-03 03:40:00
12567500.0	961500.0	1011.0	2018-03-03 03:41:00
12563000.0	961000.0	1010.0	2018-03-03 03:42:00
12561500.0	961000.0	1010.5	2018-03-03 03:43:00
12562500.0	960500.0	1010.5	2018-03-03 03:44:00
12562500.0	960000.0	1009.5	2018-03-03 03:45:00
12569000.0	960000.0	1009.5	2018-03-03 03:46:00
12577500.0	959500.0	1010.5	2018-03-03 03:47:00
12582500.0	959000.0	1012.0	2018-03-03 03:48:00
12590000.0	960000.0	1012.5	2018-03-03 03:49:00
12596000.0	961000.0	1011.5	2018-03-03 03:50:00
12594000.0	961000.0	1010.5	2018-03-03 03:51:00
12595000.0	961000.0	1010.5	2018-03-03 03:52:00
12597500.0	960500.0	1010.5	2018-03-03 03:53:00
12597000.0	961000.0	1010.0	2018-03-03 03:54:00
12591500.0	961000.0	1010.0	2018-03-03 03:55:00
12593500.0	961000.0	1010.0	2018-03-03 03:56:00
12604000.0	961500.0	1010.5	2018-03-03 03:57:00
12605500.0	961500.0	1010.5	2018-03-03 03:58:00
12608000.0	962000.0	1010.0	2018-03-03 03:59:00
12611500.0	961500.0	1010.5	2018-03-03 04:00:00
12618500.0	961500.0	1011.0	2018-03-03 04:01:00
12626000.0	962500.0	1010.5	2018-03-03 04:02:00
12636000.0	963000.0	1010.5	2018-03-03 04:03:00
12649000.0	963000.0	1011.0	2018-03-03 04:04:00
12653500.0	962500.0	1011.5	2018-03-03 04:05:00
12654000.0	962500.0	1011.5	2018-03-03 04:06:00
12653500.0	962500.0	1010.5	2018-03-03 04:07:00
12658000.0	962500.0	1010.0	2018-03-03 04:08:00
12657500.0	962500.0	1010.5	2018-03-03 04:09:00
12640500.0	962000.0	1010.5	2018-03-03 04:10:00
12639500.0	962000.0	1009.0	2018-03-03 04:11:00
12641000.0	962500.0	1008.5	2018-03-03 04:12:00
12634000.0	962500.0	1008.5	2018-03-03 04:13:00
12637000.0	962000.0	1008.5	2018-03-03 04:14:00
12638000.0	962500.0	1009.5	2018-03-03 04:15:00
12640500.0	963000.0	1010.0	2018-03-03 04:16:00
12639000.0	962500.0	1010.0	2018-03-03 04:17:00
12639500.0	962000.0	1009.5	2018-03-03 04:18:00
12640500.0	962000.0	1009.5	2018-03-03 04:19:00
12638000.0	963000.0	1009.5	2018-03-03 04:20:00
12644000.0	963500.0	1009.5	2018-03-03 04:21:00
12652000.0	962500.0	1010.0	2018-03-03 04:22:00
12655000.0	962000.0	1010.0	2018-03-03 04:23:00
12655000.0	962500.0	1010.5	2018-03-03 04:24:00
12657000.0	963000.0	1010.0	2018-03-03 04:25:00
12657000.0	963000.0	1009.5	2018-03-03 04:26:00
12662500.0	963500.0	1009.5	2018-03-03 04:27:00
12669500.0	963500.0	1009.5	2018-03-03 04:28:00
12663500.0	963500.0	1010.0	2018-03-03 04:29:00
12645000.0	963500.0	1010.0	2018-03-03 04:30:00
12634500.0	963000.0	1010.0	2018-03-03 04:31:00
12637500.0	962500.0	1010.0	2018-03-03 04:32:00
12641000.0	962500.0	1010.0	2018-03-03 04:33:00
12637500.0	962500.0	1009.0	2018-03-03 04:34:00
12633500.0	963000.0	1008.5	2018-03-03 04:35:00
12641000.0	963500.0	1009.0	2018-03-03 04:36:00
12644500.0	963500.0	1008.5	2018-03-03 04:37:00
12650000.0	963000.0	1008.0	2018-03-03 04:38:00
12668000.0	963000.0	1008.0	2018-03-03 04:39:00
12687000.0	964000.0	1007.5	2018-03-03 04:40:00
12688500.0	964000.0	1007.5	2018-03-03 04:41:00
12681000.0	964000.0	1008.0	2018-03-03 04:42:00
12684500.0	963500.0	1008.0	2018-03-03 04:43:00
12688500.0	963000.0	1008.0	2018-03-03 04:44:00
12685000.0	963500.0	1008.5	2018-03-03 04:45:00
12687500.0	963500.0	1008.5	2018-03-03 04:46:00
12690500.0	964000.0	1007.5	2018-03-03 04:47:00
12688000.0	965000.0	1007.5	2018-03-03 04:48:00
12704500.0	964500.0	1008.0	2018-03-03 04:49:00
12729500.0	963500.0	1008.0	2018-03-03 04:50:00
12730500.0	964000.0	1008.0	2018-03-03 04:51:00
12711500.0	964500.0	1008.0	2018-03-03 04:52:00
12704500.0	964000.0	1008.0	2018-03-03 04:53:00
12719000.0	964000.0	1008.5	2018-03-03 04:54:00
12722500.0	964000.0	1008.0	2018-03-03 04:55:00
12711500.0	964500.0	1007.0	2018-03-03 04:56:00
12708500.0	964500.0	1007.0	2018-03-03 04:57:00
12703500.0	964000.0	1007.0	2018-03-03 04:58:00
12698500.0	964000.0	1008.0	2018-03-03 04:59:00
12698000.0	964000.0	1008.5	2018-03-03 05:00:00
12708000.0	964000.0	1008.0	2018-03-03 05:01:00
12730000.0	964500.0	1008.5	2018-03-03 05:02:00
12725000.0	964500.0	1009.0	2018-03-03 05:03:00
12696500.0	964000.0	1008.5	2018-03-03 05:04:00
12683000.0	963500.0	1007.5	2018-03-03 05:05:00
12673000.0	963000.0	1006.5	2018-03-03 05:06:00
12663000.0	963500.0	1006.5	2018-03-03 05:07:00
12665500.0	964500.0	1007.0	2018-03-03 05:08:00
12659500.0	964500.0	1007.0	2018-03-03 05:09:00
12659000.0	964000.0	1006.5	2018-03-03 05:10:00
12673000.0	963500.0	1006.0	2018-03-03 05:11:00
12675000.0	963000.0	1006.0	2018-03-03 05:12:00
12665000.0	963500.0	1006.0	2018-03-03 05:13:00
12657000.0	963500.0	1006.0	2018-03-03 05:14:00
12652500.0	963000.0	1006.0	2018-03-03 05:15:00
12651000.0	962500.0	1006.0	2018-03-03 05:16:00
12647000.0	962500.0	1005.0	2018-03-03 05:17:00
12650000.0	963000.0	1004.0	2018-03-03 05:18:00
12659000.0	963000.0	1005.0	2018-03-03 05:19:00
12659500.0	963000.0	1005.5	2018-03-03 05:20:00
12654000.0	963000.0	1004.0	2018-03-03 05:21:00
12650000.0	962500.0	1004.0	2018-03-03 05:22:00
12660500.0	962000.0	1004.5	2018-03-03 05:23:00
12653000.0	962000.0	1004.0	2018-03-03 05:24:00
12647000.0	962000.0	1004.0	2018-03-03 05:25:00
12637500.0	961500.0	1003.5	2018-03-03 05:26:00
12630500.0	961000.0	1003.0	2018-03-03 05:27:00
12622500.0	960500.0	1003.5	2018-03-03 05:28:00
12617000.0	960000.0	1003.5	2018-03-03 05:29:00
12611000.0	960000.0	1002.0	2018-03-03 05:30:00
12596500.0	960000.0	1001.5	2018-03-03 05:31:00
12591500.0	960500.0	1002.0	2018-03-03 05:32:00
12588500.0	960500.0	1001.5	2018-03-03 05:33:00
12580000.0	960000.0	1001.5	2018-03-03 05:34:00
12579000.0	960000.0	1001.0	2018-03-03 05:35:00
12584000.0	960000.0	1001.5	2018-03-03 05:36:00
12585000.0	959500.0	1002.0	2018-03-03 05:37:00
12586500.0	959000.0	1002.0	2018-03-03 05:38:00
12599000.0	959500.0	1002.0	2018-03-03 05:39:00
12598500.0	959500.0	1002.5	2018-03-03 05:40:00
12592000.0	959500.0	1002.5	2018-03-03 05:41:00
12593500.0	960000.0	1002.0	2018-03-03 05:42:00
12592000.0	959500.0	1001.5	2018-03-03 05:43:00
12590000.0	959000.0	1001.5	2018-03-03 05:44:00
12588500.0	959000.0	1002.0	2018-03-03 05:45:00
12580000.0	958500.0	1002.0	2018-03-03 05:46:00
12584000.0	958000.0	1003.0	2018-03-03 05:47:00
12600500.0	958500.0	1003.5	2018-03-03 05:48:00
12620000.0	959500.0	1003.0	2018-03-03 05:49:00
12628000.0	960000.0	1002.5	2018-03-03 05:50:00
12618500.0	960000.0	1002.5	2018-03-03 05:51:00
12609000.0	959500.0	1002.5	2018-03-03 05:52:00
12606500.0	959000.0	1001.5	2018-03-03 05:53:00
12609000.0	959000.0	1001.5	2018-03-03 05:54:00
12618000.0	958500.0	1002.0	2018-03-03 05:55:00
12621500.0	959000.0	1001.0	2018-03-03 05:56:00
12617000.0	960000.0	1000.0	2018-03-03 05:57:00
12614000.0	960000.0	1000.0	2018-03-03 05:58:00
12601500.0	959500.0	1000.5	2018-03-03 05:59:00
12597000.0	959000.0	1000.5	2018-03-03 06:00:00
12603500.0	959000.0	1000.0	2018-03-03 06:01:00
12608500.0	959000.0	999.5	2018-03-03 06:02:00
12615000.0	959000.0	1000.0	2018-03-03 06:03:00
12620000.0	959000.0	1000.5	2018-03-03 06:04:00
12630000.0	959000.0	1000.0	2018-03-03 06:05:00
12639000.0	959500.0	1000.0	2018-03-03 06:06:00
12642000.0	960000.0	1000.5	2018-03-03 06:07:00
12628000.0	959500.0	1001.0	2018-03-03 06:08:00
12614500.0	959000.0	1000.5	2018-03-03 06:09:00
12617500.0	959000.0	1000.5	2018-03-03 06:10:00
12618000.0	959000.0	1001.5	2018-03-03 06:11:00
12620500.0	959500.0	1001.0	2018-03-03 06:12:00
12625000.0	959500.0	1000.5	2018-03-03 06:13:00
12626500.0	959000.0	1001.0	2018-03-03 06:14:00
12628500.0	959000.0	1000.5	2018-03-03 06:15:00
12628000.0	959000.0	1000.0	2018-03-03 06:16:00
12618500.0	959000.0	1000.5	2018-03-03 06:17:00
12617500.0	959000.0	1001.0	2018-03-03 06:18:00
12624500.0	959500.0	1001.0	2018-03-03 06:19:00
12622000.0	959500.0	1000.5	2018-03-03 06:20:00
12619500.0	959000.0	1000.0	2018-03-03 06:21:00
12623000.0	959000.0	1000.0	2018-03-03 06:22:00
12642500.0	960000.0	1001.0	2018-03-03 06:23:00
12660000.0	961000.0	1001.5	2018-03-03 06:24:00
12657000.0	960000.0	1001.5	2018-03-03 06:25:00
12655500.0	960000.0	1001.5	2018-03-03 06:26:00
12644500.0	960500.0	1001.0	2018-03-03 06:27:00
12637000.0	960500.0	1001.0	2018-03-03 06:28:00
12644000.0	960500.0	1000.5	2018-03-03 06:29:00
12647500.0	960500.0	1000.0	2018-03-03 06:30:00
12652500.0	960500.0	1001.0	2018-03-03 06:31:00
12658000.0	960500.0	1001.5	2018-03-03 06:32:00
12663000.0	961000.0	1001.0	2018-03-03 06:33:00
12663000.0	960500.0	1001.5	2018-03-03 06:34:00
12659500.0	960000.0	1001.5	2018-03-03 06:35:00
12655500.0	960000.0	1001.0	2018-03-03 06:36:00
12644000.0	960000.0	1000.5	2018-03-03 06:37:00
12641000.0	960000.0	1000.0	2018-03-03 06:38:00
12647500.0	960000.0	1000.0	2018-03-03 06:39:00
12648000.0	960000.0	1000.0	2018-03-03 06:40:00
12643500.0	960500.0	1000.5	2018-03-03 06:41:00
12640000.0	960500.0	1001.0	2018-03-03 06:42:00
12642500.0	960500.0	1001.0	2018-03-03 06:43:00
12644000.0	961000.0	1000.5	2018-03-03 06:44:00
12646500.0	960500.0	1000.0	2018-03-03 06:45:00
12652000.0	960500.0	1001.0	2018-03-03 06:46:00
12657000.0	961000.0	1001.5	2018-03-03 06:47:00
12657000.0	961000.0	1001.5	2018-03-03 06:48:00
12654500.0	961000.0	1001.5	2018-03-03 06:49:00
12646500.0	961000.0	1001.0	2018-03-03 06:50:00
12624000.0	960000.0	1000.5	2018-03-03 06:51:00
12606500.0	959000.0	1000.0	2018-03-03 06:52:00
12601000.0	959000.0	1000.0	2018-03-03 06:53:00
12599500.0	958500.0	1000.0	2018-03-03 06:54:00
12597500.0	958000.0	1000.0	2018-03-03 06:55:00
12596000.0	958500.0	1000.0	2018-03-03 06:56:00
12597500.0	958500.0	1000.0	2018-03-03 06:57:00
12599000.0	958500.0	999.5	2018-03-03 06:58:00
12599500.0	959000.0	999.0	2018-03-03 06:59:00
12609500.0	958500.0	999.0	2018-03-03 07:00:00
12623500.0	958000.0	999.0	2018-03-03 07:01:00
12625500.0	958500.0	999.0	2018-03-03 07:02:00
12624000.0	959000.0	999.0	2018-03-03 07:03:00
12628000.0	958500.0	999.0	2018-03-03 07:04:00
12625000.0	958000.0	999.5	2018-03-03 07:05:00
12621500.0	958500.0	999.5	2018-03-03 07:06:00
12623500.0	959000.0	999.0	2018-03-03 07:07:00
12625000.0	958500.0	999.0	2018-03-03 07:08:00
12625500.0	958500.0	1000.0	2018-03-03 07:09:00
12628000.0	959000.0	1001.0	2018-03-03 07:10:00
12629000.0	958500.0	1000.5	2018-03-03 07:11:00
12626500.0	958500.0	999.5	2018-03-03 07:12:00
12627500.0	959000.0	999.0	2018-03-03 07:13:00
12623000.0	959500.0	999.0	2018-03-03 07:14:00
12627500.0	960000.0	999.0	2018-03-03 07:15:00
12623000.0	960000.0	999.0	2018-03-03 07:16:00
12618000.0	959000.0	999.0	2018-03-03 07:17:00
12618500.0	958000.0	999.0	2018-03-03 07:18:00
12618500.0	958500.0	999.0	2018-03-03 07:19:00
12619000.0	959000.0	999.0	2018-03-03 07:20:00
12617500.0	958500.0	999.0	2018-03-03 07:21:00
12618500.0	958000.0	999.0	2018-03-03 07:22:00
12625000.0	958000.0	999.0	2018-03-03 07:23:00
12628500.0	958000.0	999.0	2018-03-03 07:24:00
12632000.0	958000.0	999.5	2018-03-03 07:25:00
12632500.0	959000.0	1000.0	2018-03-03 07:26:00
12623000.0	959500.0	1000.0	2018-03-03 07:27:00
12621500.0	958500.0	1000.0	2018-03-03 07:28:00
12623000.0	958500.0	1000.0	2018-03-03 07:29:00
12613500.0	959000.0	1000.0	2018-03-03 07:30:00
12604000.0	958500.0	1000.0	2018-03-03 07:31:00
12594500.0	957500.0	999.5	2018-03-03 07:32:00
12597000.0	957000.0	999.0	2018-03-03 07:33:00
12589000.0	957500.0	999.0	2018-03-03 07:34:00
12579500.0	957500.0	999.0	2018-03-03 07:35:00
12572500.0	957000.0	999.0	2018-03-03 07:36:00
12569000.0	957500.0	999.0	2018-03-03 07:37:00
12565000.0	957500.0	999.0	2018-03-03 07:38:00
12561000.0	957000.0	999.0	2018-03-03 07:39:00
12557000.0	956500.0	998.5	2018-03-03 07:40:00
12557500.0	956000.0	997.5	2018-03-03 07:41:00
12561500.0	955000.0	997.0	2018-03-03 07:42:00
12561000.0	954500.0	997.0	2018-03-03 07:43:00
12562000.0	955000.0	997.0	2018-03-03 07:44:00
12564000.0	954500.0	997.0	2018-03-03 07:45:00
12567500.0	954500.0	997.5	2018-03-03 07:46:00
12575000.0	955500.0	998.0	2018-03-03 07:47:00
12586500.0	956500.0	998.0	2018-03-03 07:48:00
12597000.0	957500.0	998.5	2018-03-03 07:49:00
12600000.0	957000.0	998.5	2018-03-03 07:50:00
12597500.0	957000.0	998.0	2018-03-03 07:51:00
12589500.0	957500.0	997.5	2018-03-03 07:52:00
12578000.0	957000.0	997.0	2018-03-03 07:53:00
12569000.0	957000.0	997.0	2018-03-03 07:54:00
12563000.0	956500.0	997.0	2018-03-03 07:55:00
12554500.0	956000.0	997.0	2018-03-03 07:56:00
12557000.0	956000.0	996.5	2018-03-03 07:57:00
12562500.0	956000.0	996.0	2018-03-03 07:58:00
12562500.0	956000.0	996.0	2018-03-03 07:59:00
12559500.0	955500.0	996.0	2018-03-03 08:00:00
12549500.0	955500.0	996.0	2018-03-03 08:01:00
12533500.0	956000.0	996.5	2018-03-03 08:02:00
12521000.0	955500.0	996.5	2018-03-03 08:03:00
12514500.0	955000.0	995.0	2018-03-03 08:04:00
12511500.0	955000.0	994.0	2018-03-03 08:05:00
12518000.0	955000.0	994.0	2018-03-03 08:06:00
12519000.0	954500.0	993.5	2018-03-03 08:07:00
12510500.0	953500.0	993.5	2018-03-03 08:08:00
12497000.0	953000.0	994.0	2018-03-03 08:09:00
12484000.0	952500.0	993.5	2018-03-03 08:10:00
12481000.0	952000.0	993.0	2018-03-03 08:11:00
12485500.0	951500.0	992.5	2018-03-03 08:12:00
12490500.0	951000.0	991.5	2018-03-03 08:13:00
12496500.0	951500.0	992.5	2018-03-03 08:14:00
12506500.0	952000.0	994.0	2018-03-03 08:15:00
12516500.0	952500.0	994.5	2018-03-03 08:16:00
12510000.0	952500.0	996.0	2018-03-03 08:17:00
12498000.0	952500.0	996.5	2018-03-03 08:18:00
12502500.0	953000.0	996.5	2018-03-03 08:19:00
12509500.0	953000.0	997.5	2018-03-03 08:20:00
12505500.0	953000.0	998.0	2018-03-03 08:21:00
12505500.0	953000.0	998.0	2018-03-03 08:22:00
12507000.0	953000.0	998.0	2018-03-03 08:23:00
12503000.0	953000.0	998.0	2018-03-03 08:24:00
12501000.0	953000.0	998.0	2018-03-03 08:25:00
12495500.0	953000.0	999.0	2018-03-03 08:26:00
12493500.0	952500.0	1000.0	2018-03-03 08:27:00
12493000.0	952500.0	999.5	2018-03-03 08:28:00
12487500.0	952000.0	1000.0	2018-03-03 08:29:00
12483500.0	951500.0	1001.0	2018-03-03 08:30:00
12494000.0	953500.0	1002.0	2018-03-03 08:31:00
12526000.0	954000.0	1003.5	2018-03-03 08:32:00
12543000.0	955000.0	1004.5	2018-03-03 08:33:00
12540500.0	956500.0	1006.0	2018-03-03 08:34:00
12548500.0	957000.0	1007.5	2018-03-03 08:35:00
12557000.0	957500.0	1008.5	2018-03-03 08:36:00
12558500.0	958000.0	1008.5	2018-03-03 08:37:00
12557500.0	957500.0	1007.0	2018-03-03 08:38:00
12557000.0	957500.0	1006.0	2018-03-03 08:39:00
12553500.0	957500.0	1004.5	2018-03-03 08:40:00
12552500.0	957500.0	1003.5	2018-03-03 08:41:00
12549500.0	957500.0	1003.5	2018-03-03 08:42:00
12547000.0	957000.0	1004.0	2018-03-03 08:43:00
12554500.0	957500.0	1004.5	2018-03-03 08:44:00
12560500.0	957500.0	1004.0	2018-03-03 08:45:00
12562500.0	957500.0	1004.0	2018-03-03 08:46:00
12567500.0	958500.0	1004.5	2018-03-03 08:47:00
12578000.0	958500.0	1004.5	2018-03-03 08:48:00
12583000.0	958500.0	1004.0	2018-03-03 08:49:00
12589000.0	958500.0	1003.0	2018-03-03 08:50:00
12596000.0	958500.0	1002.5	2018-03-03 08:51:00
12605500.0	959000.0	1003.0	2018-03-03 08:52:00
12610500.0	959000.0	1003.0	2018-03-03 08:53:00
12609000.0	958500.0	1002.5	2018-03-03 08:54:00
12606500.0	958000.0	1001.0	2018-03-03 08:55:00
12607000.0	958000.0	1000.5	2018-03-03 08:56:00
12609000.0	958000.0	1000.5	2018-03-03 08:57:00
12597500.0	958000.0	999.5	2018-03-03 08:58:00
12584500.0	958500.0	999.5	2018-03-03 08:59:00
12587500.0	959000.0	1000.5	2018-03-03 09:00:00
12618000.0	959000.0	1002.0	2018-03-03 09:01:00
12611500.0	958500.0	1003.0	2018-03-03 09:02:00
12611000.0	958000.0	1003.0	2018-03-03 09:03:00
12617000.0	958000.0	1002.5	2018-03-03 09:04:00
12616500.0	958000.0	1001.5	2018-03-03 09:05:00
12614500.0	958000.0	1000.0	2018-03-03 09:06:00
12614500.0	958500.0	999.0	2018-03-03 09:07:00
12611000.0	959000.0	998.5	2018-03-03 09:08:00
12609000.0	958500.0	998.0	2018-03-03 09:09:00
12608000.0	958000.0	998.0	2018-03-03 09:10:00
12608500.0	958500.0	998.0	2018-03-03 09:11:00
12610500.0	959000.0	998.5	2018-03-03 09:12:00
12610000.0	958500.0	998.5	2018-03-03 09:13:00
12610500.0	958000.0	998.0	2018-03-03 09:14:00
12617000.0	958000.0	998.0	2018-03-03 09:15:00
12626500.0	958500.0	998.5	2018-03-03 09:16:00
12628000.0	958500.0	999.0	2018-03-03 09:17:00
12628000.0	958000.0	999.0	2018-03-03 09:18:00
12635000.0	958000.0	999.5	2018-03-03 09:19:00
12636000.0	958000.0	1000.0	2018-03-03 09:20:00
12626000.0	957500.0	1000.5	2018-03-03 09:21:00
12613000.0	957000.0	1000.5	2018-03-03 09:22:00
12579500.0	957500.0	999.5	2018-03-03 09:23:00
12584000.0	957500.0	999.0	2018-03-03 09:24:00
12599000.0	957000.0	999.0	2018-03-03 09:25:00
12596000.0	957000.0	999.0	2018-03-03 09:26:00
12591000.0	957500.0	999.0	2018-03-03 09:27:00
12599000.0	958000.0	999.5	2018-03-03 09:28:00
12600000.0	958000.0	1000.0	2018-03-03 09:29:00
12590000.0	957500.0	999.0	2018-03-03 09:30:00
12579500.0	956500.0	998.5	2018-03-03 09:31:00
12573500.0	956500.0	998.0	2018-03-03 09:32:00
12565000.0	956500.0	997.0	2018-03-03 09:33:00
12565000.0	956500.0	997.0	2018-03-03 09:34:00
12565000.0	956500.0	997.0	2018-03-03 09:35:00
12561000.0	957000.0	997.0	2018-03-03 09:36:00
12560500.0	957500.0	996.5	2018-03-03 09:37:00
12559500.0	957000.0	996.0	2018-03-03 09:38:00
12555000.0	957000.0	996.0	2018-03-03 09:39:00
12548500.0	957000.0	996.0	2018-03-03 09:40:00
12555500.0	957000.0	996.0	2018-03-03 09:41:00
12569500.0	957000.0	996.0	2018-03-03 09:42:00
12561000.0	957000.0	995.5	2018-03-03 09:43:00
12555500.0	956500.0	995.0	2018-03-03 09:44:00
12557500.0	956500.0	995.5	2018-03-03 09:45:00
12559000.0	956500.0	995.5	2018-03-03 09:46:00
12556500.0	955500.0	995.5	2018-03-03 09:47:00
12549000.0	955000.0	996.5	2018-03-03 09:48:00
12541000.0	955500.0	996.5	2018-03-03 09:49:00
12536500.0	956000.0	995.5	2018-03-03 09:50:00
12542500.0	955000.0	995.0	2018-03-03 09:51:00
12560000.0	954500.0	996.0	2018-03-03 09:52:00
12569000.0	955000.0	997.5	2018-03-03 09:53:00
12568000.0	956000.0	998.5	2018-03-03 09:54:00
12563500.0	956500.0	999.0	2018-03-03 09:55:00
12562000.0	956000.0	998.0	2018-03-03 09:56:00
12568000.0	955500.0	997.0	2018-03-03 09:57:00
12576500.0	955500.0	997.0	2018-03-03 09:58:00
12585000.0	955500.0	997.0	2018-03-03 09:59:00
12589500.0	955500.0	997.5	2018-03-03 10:00:00
12589500.0	956500.0	998.5	2018-03-03 10:01:00
12587000.0	957000.0	998.5	2018-03-03 10:02:00
12581000.0	957000.0	997.5	2018-03-03 10:03:00
12579000.0	957000.0	997.5	2018-03-03 10:04:00
12581000.0	957000.0	998.0	2018-03-03 10:05:00
12576500.0	957000.0	998.0	2018-03-03 10:06:00
12571500.0	957500.0	998.0	2018-03-03 10:07:00
12577500.0	957500.0	998.5	2018-03-03 10:08:00
12584000.0	957000.0	999.0	2018-03-03 10:09:00
12577000.0	957000.0	999.0	2018-03-03 10:10:00
12575000.0	957000.0	999.0	2018-03-03 10:11:00
12576000.0	956000.0	998.5	2018-03-03 10:12:00
12569500.0	955500.0	997.5	2018-03-03 10:13:00
12566500.0	956500.0	997.5	2018-03-03 10:14:00
12563000.0	957000.0	998.0	2018-03-03 10:15:00
12565000.0	957000.0	998.0	2018-03-03 10:16:00
12566000.0	957000.0	998.0	2018-03-03 10:17:00
12565500.0	957000.0	998.0	2018-03-03 10:18:00
12569500.0	957000.0	997.5	2018-03-03 10:19:00
12568500.0	956500.0	997.5	2018-03-03 10:20:00
12563500.0	956000.0	998.0	2018-03-03 10:21:00
12558500.0	955500.0	998.0	2018-03-03 10:22:00
12554000.0	955500.0	998.0	2018-03-03 10:23:00
12551000.0	956500.0	998.0	2018-03-03 10:24:00
12552500.0	957000.0	997.5	2018-03-03 10:25:00
12552000.0	957000.0	997.5	2018-03-03 10:26:00
12551500.0	957000.0	998.0	2018-03-03 10:27:00
12556500.0	957000.0	998.0	2018-03-03 10:28:00
12557000.0	957000.0	998.0	2018-03-03 10:29:00
12557500.0	957500.0	998.0	2018-03-03 10:30:00
12563500.0	958000.0	997.5	2018-03-03 10:31:00
12564000.0	958000.0	998.0	2018-03-03 10:32:00
12565000.0	958000.0	998.5	2018-03-03 10:33:00
12572000.0	958500.0	998.5	2018-03-03 10:34:00
12579000.0	959000.0	999.0	2018-03-03 10:35:00
12579000.0	959500.0	999.5	2018-03-03 10:36:00
12578500.0	960000.0	1000.0	2018-03-03 10:37:00
12584000.0	959500.0	999.5	2018-03-03 10:38:00
12587000.0	958500.0	999.5	2018-03-03 10:39:00
12588000.0	958500.0	1000.5	2018-03-03 10:40:00
12584500.0	959000.0	1001.5	2018-03-03 10:41:00
12585000.0	958500.0	1002.5	2018-03-03 10:42:00
12597500.0	959000.0	1004.0	2018-03-03 10:43:00
12609500.0	960000.0	1005.0	2018-03-03 10:44:00
12615000.0	960000.0	1005.5	2018-03-03 10:45:00
12619000.0	959000.0	1005.0	2018-03-03 10:46:00
12618000.0	959000.0	1003.5	2018-03-03 10:47:00
12602000.0	960500.0	1003.0	2018-03-03 10:48:00
12592500.0	960000.0	1003.0	2018-03-03 10:49:00
12592500.0	959000.0	1002.5	2018-03-03 10:50:00
12592000.0	959000.0	1001.5	2018-03-03 10:51:00
12596500.0	959000.0	1001.5	2018-03-03 10:52:00
12599500.0	959000.0	1002.0	2018-03-03 10:53:00
12603500.0	960000.0	1002.0	2018-03-03 10:54:00
12604500.0	960500.0	1002.0	2018-03-03 10:55:00
12601000.0	960500.0	1002.5	2018-03-03 10:56:00
12590000.0	961000.0	1002.5	2018-03-03 10:57:00
12578500.0	960000.0	1001.0	2018-03-03 10:58:00
12573500.0	959500.0	1000.5	2018-03-03 10:59:00
12560500.0	960000.0	1001.0	2018-03-03 11:00:00
12551500.0	959000.0	1001.5	2018-03-03 11:01:00
12559500.0	958500.0	1002.0	2018-03-03 11:02:00
12563500.0	959000.0	1002.5	2018-03-03 11:03:00
12561500.0	959000.0	1003.0	2018-03-03 11:04:00
12572000.0	959000.0	1003.0	2018-03-03 11:05:00
12583500.0	959000.0	1004.0	2018-03-03 11:06:00
12582500.0	959000.0	1005.0	2018-03-03 11:07:00
12587000.0	959500.0	1005.5	2018-03-03 11:08:00
12591000.0	959500.0	1005.5	2018-03-03 11:09:00
12586500.0	959000.0	1004.5	2018-03-03 11:10:00
12582500.0	959000.0	1004.0	2018-03-03 11:11:00
12583000.0	959000.0	1004.0	2018-03-03 11:12:00
12586000.0	959000.0	1004.0	2018-03-03 11:13:00
12585000.0	958500.0	1004.0	2018-03-03 11:14:00
12585500.0	959000.0	1003.0	2018-03-03 11:15:00
12581500.0	959000.0	1004.0	2018-03-03 11:16:00
12583500.0	959000.0	1005.5	2018-03-03 11:17:00
12585500.0	960000.0	1005.0	2018-03-03 11:18:00
12583000.0	960000.0	1005.0	2018-03-03 11:19:00
12585000.0	960500.0	1006.0	2018-03-03 11:20:00
12581500.0	960500.0	1006.5	2018-03-03 11:21:00
12575500.0	960000.0	1007.0	2018-03-03 11:22:00
12571500.0	960000.0	1008.5	2018-03-03 11:23:00
12570500.0	960000.0	1009.0	2018-03-03 11:24:00
12567500.0	959500.0	1007.5	2018-03-03 11:25:00
12561000.0	959000.0	1006.5	2018-03-03 11:26:00
12558000.0	959000.0	1006.5	2018-03-03 11:27:00
12563500.0	959500.0	1006.0	2018-03-03 11:28:00
12562500.0	960000.0	1005.5	2018-03-03 11:29:00
12550500.0	959000.0	1004.5	2018-03-03 11:30:00
12530000.0	958000.0	1003.5	2018-03-03 11:31:00
12509500.0	957500.0	1002.5	2018-03-03 11:32:00
12509500.0	957000.0	1002.0	2018-03-03 11:33:00
12512500.0	956500.0	1002.5	2018-03-03 11:34:00
12508000.0	956500.0	1003.0	2018-03-03 11:35:00
12501500.0	956500.0	1003.0	2018-03-03 11:36:00
12508500.0	956500.0	1003.0	2018-03-03 11:37:00
12523500.0	956500.0	1004.0	2018-03-03 11:38:00
12519000.0	956000.0	1005.0	2018-03-03 11:39:00
12520500.0	956000.0	1004.5	2018-03-03 11:40:00
12524000.0	956000.0	1004.5	2018-03-03 11:41:00
12520500.0	956500.0	1004.5	2018-03-03 11:42:00
12513500.0	956500.0	1004.0	2018-03-03 11:43:00
12511500.0	956000.0	1003.5	2018-03-03 11:44:00
12503000.0	955500.0	1003.5	2018-03-03 11:45:00
12497500.0	955500.0	1004.0	2018-03-03 11:46:00
12507500.0	956500.0	1004.0	2018-03-03 11:47:00
12511500.0	957500.0	1004.0	2018-03-03 11:48:00
12508500.0	958500.0	1003.0	2018-03-03 11:49:00
12508500.0	957500.0	1001.5	2018-03-03 11:50:00
12497500.0	956000.0	1000.5	2018-03-03 11:51:00
12484000.0	955500.0	1000.5	2018-03-03 11:52:00
12482500.0	955500.0	1001.0	2018-03-03 11:53:00
12489000.0	955500.0	1001.0	2018-03-03 11:54:00
12487500.0	955000.0	1001.0	2018-03-03 11:55:00
12488000.0	955000.0	1001.5	2018-03-03 11:56:00
12489500.0	955000.0	1001.5	2018-03-03 11:57:00
12487500.0	955500.0	1001.5	2018-03-03 11:58:00
12494000.0	955500.0	1002.5	2018-03-03 11:59:00
12502000.0	956000.0	1003.0	2018-03-03 12:00:00
12515000.0	956000.0	1004.0	2018-03-03 12:01:00
12525000.0	955500.0	1005.0	2018-03-03 12:02:00
12533500.0	956000.0	1005.0	2018-03-03 12:03:00
12544500.0	957500.0	1005.0	2018-03-03 12:04:00
12534500.0	957500.0	1004.5	2018-03-03 12:05:00
12520500.0	958000.0	1004.5	2018-03-03 12:06:00
12528500.0	958500.0	1004.5	2018-03-03 12:07:00
12540500.0	959000.0	1003.5	2018-03-03 12:08:00
12544000.0	959500.0	1003.0	2018-03-03 12:09:00
12546000.0	959500.0	1003.0	2018-03-03 12:10:00
12545000.0	960000.0	1003.0	2018-03-03 12:11:00
12538000.0	959000.0	1003.0	2018-03-03 12:12:00
12541500.0	958000.0	1002.5	2018-03-03 12:13:00
12548000.0	957500.0	1002.0	2018-03-03 12:14:00
12549000.0	957000.0	1003.0	2018-03-03 12:15:00
12550000.0	957000.0	1004.0	2018-03-03 12:16:00
12549000.0	957500.0	1004.0	2018-03-03 12:17:00
12547000.0	958000.0	1003.5	2018-03-03 12:18:00
12552000.0	958500.0	1003.5	2018-03-03 12:19:00
12558000.0	958500.0	1004.0	2018-03-03 12:20:00
12571500.0	958500.0	1004.0	2018-03-03 12:21:00
12581500.0	959500.0	1003.5	2018-03-03 12:22:00
12577500.0	960000.0	1003.5	2018-03-03 12:23:00
12577500.0	959500.0	1003.5	2018-03-03 12:24:00
12578000.0	959500.0	1003.5	2018-03-03 12:25:00
12582500.0	960000.0	1004.0	2018-03-03 12:26:00
12586000.0	960000.0	1004.5	2018-03-03 12:27:00
12589500.0	960500.0	1004.5	2018-03-03 12:28:00
12597000.0	961000.0	1004.0	2018-03-03 12:29:00
12610000.0	961000.0	1004.0	2018-03-03 12:30:00
12627000.0	961500.0	1004.0	2018-03-03 12:31:00
12635000.0	962000.0	1004.0	2018-03-03 12:32:00
12638500.0	962000.0	1003.5	2018-03-03 12:33:00
12645500.0	962000.0	1003.5	2018-03-03 12:34:00
12654000.0	962500.0	1003.5	2018-03-03 12:35:00
12647000.0	962500.0	1003.0	2018-03-03 12:36:00
12637500.0	962000.0	1003.0	2018-03-03 12:37:00
12641500.0	962000.0	1003.0	2018-03-03 12:38:00
12645500.0	961500.0	1003.0	2018-03-03 12:39:00
12636000.0	961500.0	1003.0	2018-03-03 12:40:00
12626000.0	961000.0	1003.0	2018-03-03 12:41:00
12627500.0	960500.0	1002.5	2018-03-03 12:42:00
12634000.0	961000.0	1002.5	2018-03-03 12:43:00
12637500.0	961500.0	1003.0	2018-03-03 12:44:00
12632000.0	961500.0	1002.5	2018-03-03 12:45:00
12628000.0	961000.0	1002.0	2018-03-03 12:46:00
12616000.0	960500.0	1001.5	2018-03-03 12:47:00
12612000.0	960000.0	1001.0	2018-03-03 12:48:00
12620000.0	960500.0	1001.0	2018-03-03 12:49:00
12627000.0	961000.0	1001.5	2018-03-03 12:50:00
12627000.0	961000.0	1002.0	2018-03-03 12:51:00
12622000.0	960500.0	1002.5	2018-03-03 12:52:00
12618500.0	960000.0	1002.5	2018-03-03 12:53:00
12621000.0	960000.0	1002.0	2018-03-03 12:54:00
12634000.0	960000.0	1002.0	2018-03-03 12:55:00
12643500.0	960500.0	1002.0	2018-03-03 12:56:00
12642000.0	960500.0	1002.0	2018-03-03 12:57:00
12630500.0	960500.0	1002.0	2018-03-03 12:58:00
12621000.0	960000.0	1002.0	2018-03-03 12:59:00
12623500.0	959000.0	1002.0	2018-03-03 13:00:00
12627500.0	959500.0	1001.5	2018-03-03 13:01:00
12632000.0	960000.0	1001.5	2018-03-03 13:02:00
12636500.0	960000.0	1002.0	2018-03-03 13:03:00
12634500.0	960000.0	1002.0	2018-03-03 13:04:00
12626500.0	960000.0	1001.5	2018-03-03 13:05:00
12623500.0	960000.0	1001.5	2018-03-03 13:06:00
12623500.0	960000.0	1001.5	2018-03-03 13:07:00
12617000.0	959500.0	1001.0	2018-03-03 13:08:00
12610000.0	958500.0	1001.0	2018-03-03 13:09:00
12603000.0	958500.0	1001.0	2018-03-03 13:10:00
12603500.0	958500.0	1000.5	2018-03-03 13:11:00
12610500.0	959000.0	1000.5	2018-03-03 13:12:00
12614500.0	959000.0	1000.5	2018-03-03 13:13:00
12614500.0	958000.0	1000.0	2018-03-03 13:14:00
12613500.0	959000.0	1000.5	2018-03-03 13:15:00
12597500.0	960000.0	1001.5	2018-03-03 13:16:00
12596500.0	959500.0	1002.0	2018-03-03 13:17:00
12609000.0	958500.0	1002.0	2018-03-03 13:18:00
12613500.0	958000.0	1002.0	2018-03-03 13:19:00
12617500.0	958500.0	1002.0	2018-03-03 13:20:00
12616000.0	959000.0	1002.0	2018-03-03 13:21:00
12616500.0	959000.0	1001.5	2018-03-03 13:22:00
12621500.0	958500.0	1001.5	2018-03-03 13:23:00
12623000.0	958000.0	1002.0	2018-03-03 13:24:00
12621000.0	958000.0	1002.0	2018-03-03 13:25:00
12624000.0	958500.0	1002.0	2018-03-03 13:26:00
12629500.0	960000.0	1002.0	2018-03-03 13:27:00
12635500.0	959500.0	1001.5	2018-03-03 13:28:00
12642000.0	958000.0	1001.0	2018-03-03 13:29:00
12646000.0	958500.0	1001.0	2018-03-03 13:30:00
12643500.0	958500.0	1001.5	2018-03-03 13:31:00
12640000.0	957500.0	1001.0	2018-03-03 13:32:00
12643500.0	957500.0	1001.5	2018-03-03 13:33:00
12648000.0	958000.0	1001.5	2018-03-03 13:34:00
12657500.0	958500.0	1001.0	2018-03-03 13:35:00
12678500.0	959500.0	1002.0	2018-03-03 13:36:00
12689500.0	959000.0	1002.5	2018-03-03 13:37:00
12676500.0	958500.0	1002.5	2018-03-03 13:38:00
12673500.0	958500.0	1003.0	2018-03-03 13:39:00
12680000.0	958000.0	1003.0	2018-03-03 13:40:00
12676500.0	958000.0	1003.0	2018-03-03 13:41:00
12677500.0	959000.0	1003.5	2018-03-03 13:42:00
12674500.0	960000.0	1003.5	2018-03-03 13:43:00
12675000.0	960000.0	1003.0	2018-03-03 13:44:00
12677500.0	960000.0	1003.0	2018-03-03 13:45:00
12681500.0	960500.0	1003.0	2018-03-03 13:46:00
12680500.0	960000.0	1003.0	2018-03-03 13:47:00
12689000.0	959500.0	1003.0	2018-03-03 13:48:00
12697500.0	960000.0	1003.0	2018-03-03 13:49:00
12702000.0	960000.0	1003.5	2018-03-03 13:50:00
12704000.0	960000.0	1003.5	2018-03-03 13:51:00
12703000.0	960000.0	1003.5	2018-03-03 13:52:00
12699500.0	959500.0	1004.5	2018-03-03 13:53:00
12689000.0	959000.0	1006.0	2018-03-03 13:54:00
12688000.0	959000.0	1007.5	2018-03-03 13:55:00
12691500.0	958500.0	1009.0	2018-03-03 13:56:00
12689500.0	958000.0	1010.5	2018-03-03 13:57:00
12689000.0	958000.0	1011.0	2018-03-03 13:58:00
12685500.0	958500.0	1011.0	2018-03-03 13:59:00
12687000.0	958500.0	1010.0	2018-03-03 14:00:00
12693000.0	958000.0	1009.5	2018-03-03 14:01:00
12696000.0	958000.0	1009.5	2018-03-03 14:02:00
12702500.0	958500.0	1009.0	2018-03-03 14:03:00
